N,anisotropy,azimuthal_mode_amp,azimuthal_mode_rel_err,backend_name,case,circuit_depth_t,converged,convergence_factor,discretisation_order,err_thomas_vs_exact,err_vs_thomas,hhl_scale_c,hhl_trotter_steps,inner_calls,inner_failures,inner_max_s,inner_mean_s,inner_options,inner_total_s,kappa_row,level_kappas,level_shapes,linf_err,max_abs_err,max_rel_err,mean_strip_size,n_circuit_evals,n_gates_2q,n_gates_total,n_levels,n_outer,n_unknowns,notes,peak_E_axial,peak_E_field,peak_E_rel_err,qsvt_degree,qsvt_depth,rel_l2_err,residual,rms_err,s_per_strip_solve,scheme,shape,solver,solves_per_digit,stop_reason,strip_solves,strip_solves_by_size,vqls_final_cost,wall_time_s,weighted_cost
4,15.707963267948964,184.15593783965244,3.6899181428106234,aer_simulator_statevector (CPU),3D_HET_MMS_SPT100,,True,0.2739566542892788,2,3.6899277865840587,0.0,,,192,0,0.00012446381151676178,4.802971185805897e-05,{},0.009221704676747322,1.3845874083379235,[],[],3.6899277865840587,10.012713110920345,3.6899384823937655,4.0,,,,,12,64,scheme_fallback:fmg->sor,13433.995866565969,27327.313714353866,3.689923056482674,,,0.03689918065438337,4.764328393933774e-07,4.892186411426615,7.837544156548877e-05,line-sor,4x4x4,Thomas,31.040338232315776,tol_met,192,"{""4"": 192}",,0.015048084780573845,192.0
4,15.707963267948964,184.10168192081102,3.65936907744012,aer_simulator_statevector (CPU),3D_HET_MMS_SPT100,2418,False,0.7745965933311578,2,3.6899277865840587,0.123404991862267,181.19696575136143,100,368,0,0.47560073994100094,0.2186259457477085,"{""epsilon"": 0.01}",80.45434803515673,1.3845874083379235,[],[],3.768441303495103,10.22576154049068,3.7684413034971933,4.0,,697,3429,,23,64,scheme_fallback:fmg->sor,13504.029267637772,27350.823264262854,3.779126973363646,,,0.03691725325534321,0.002649502662266554,4.8945825224314365,0.21868548477979619,line-sor,4x4x4,HHL,150.79883333202028,stagnated,368,"{""4"": 368}",,80.476258398965,368.0
4,15.707963267948964,184.15598742250387,3.6899460606821104,aer_simulator_statevector (CPU),3D_HET_MMS_SPT100,12,True,0.43939594205719945,2,3.6899277865840587,4.4982223730900516e-05,,,288,0,1.4103645160794258,0.9567743864802954,{},275.5510233063251,1.3845874083379235,[],[],3.689954190942066,10.012784759818885,3.6899919644459023,4.0,178.61458333333334,2,21,,18,64,scheme_fallback:fmg->sor,13434.001687254164,27327.329784574664,3.689984032836788,,,0.03689944175070798,6.195181122081567e-07,4.892221028235679,0.9568200249794043,line-sor,4x4x4,VQLS,47.43514787347769,tol_met,288,"{""4"": 288}",1.0319368816248521e-13,275.56416719406843,288.0
4,15.707963267948964,184.15593783965238,3.6899181428105914,aer_simulator_statevector (CPU),3D_HET_MMS_SPT100,26560,True,0.27395665430683813,2,3.6899277865840587,4.5456106203820006e-13,,,192,0,0.30150842294096947,0.21186649452041215,"{""max_degree"": 500}",40.67836694791913,1.3845874083379235,[],[],3.6899277865842266,10.0127131109208,3.68993848239418,4.0,,5512,,,12,64,scheme_fallback:fmg->sor,13433.995866566092,27327.31371435393,3.689923056482923,501,1003,0.036899180654383114,4.764328397292848e-07,4.892186411426581,0.21191520490295565,line-sor,4x4x4,QSVT,31.04033823385235,tol_met,192,"{""4"": 192}",,40.68771934136748,192.0
4,15.707963267948964,764.3921558861413,0.0,aer_simulator_statevector (CPU),3D_HET_Discharge_SPT100,,True,0.26965620255718886,2,0.0,0.0,,,192,0,0.00016938522458076477,4.921010501372317e-05,{},0.00944834016263485,1.3845874083379235,[],[],0.0,0.0,0.0,4.0,,,,,12,64,scheme_fallback:fmg->sor,273052.132072777,487050.59076430846,0.0,,,0.0,3.2467631803678453e-07,0.0,8.00586227948467e-05,line-sor,4x4x4,Thomas,30.665609301094648,tol_met,192,"{""4"": 192}",,0.015371255576610565,192.0
4,15.707963267948964,930.4598432396535,21.725456766493636,aer_simulator_statevector (CPU),3D_HET_Discharge_SPT100,2418,False,0.953389685237663,2,0.0,21.948618958699566,3772.9522915875523,100,320,0,0.4712494406849146,0.22046055058017372,"{""epsilon"": 0.01}",70.5473761856556,1.3845874083379235,[],[],21.948618958699566,1044.9103442959745,260.83375662709426,4.0,,697,3429,,20,64,scheme_fallback:fmg->sor,197116.77378952573,440528.7620523391,9.551744642987616,,,0.25656978712674455,0.24294804699364606,471.1003853780947,0.2205188348889351,line-sor,4x4x4,HHL,812.4684049335896,stagnated,320,"{""4"": 320}",,70.56602716445923,320.0
4,15.707963267948964,764.3930604934698,0.00011834335576675594,aer_simulator_statevector (CPU),3D_HET_Discharge_SPT100,12,True,0.45464599317702525,2,0.0,4.2898702472018145e-05,,,288,0,1.4069484807550907,1.0552902872894063,{},303.923602739349,1.3845874083379235,[],[],4.2898702472018145e-05,0.002042283300568215,0.0006367217133344866,4.0,194.96875,2,21,,18,64,scheme_fallback:fmg->sor,273052.10316133616,487050.6374907723,9.59375980940911e-06,,,3.8255393207437147e-07,8.973943202306501e-07,0.0007024260605521459,1.055329496448394,line-sor,4x4x4,VQLS,49.48833916437979,tol_met,288,"{""4"": 288}",8.89265513078404e-14,303.93489497713745,288.0
4,15.707963267948964,764.3921558858717,3.526350841806678e-11,aer_simulator_statevector (CPU),3D_HET_Discharge_SPT100,26560,True,0.269656208086817,2,0.0,2.9057453926776765e-11,,,192,0,0.29877673648297787,0.21570879237454696,"{""max_degree"": 500}",41.416088135913014,1.3845874083379235,[],[],2.9057453926776765e-11,1.3833414413966238e-09,1.9933751456960412e-10,4.0,,5512,,,12,64,scheme_fallback:fmg->sor,273052.1320729403,487050.59076435777,1.0122539573628166e-11,501,1003,3.51063165614902e-13,3.2467639127349556e-07,6.446043178557658e-10,0.21575765043962747,line-sor,4x4x4,QSVT,30.665609780899324,tol_met,192,"{""4"": 192}",,41.425468884408474,192.0
4,15.707963267948964,115.15502974414301,8.064355205132554,aer_simulator_statevector (CPU),3D_HET_RotatingSpoke_SPT100,,True,0.26800811383521034,2,4.442409572335141,0.0,,,192,0,0.0001475457102060318,4.8226851504296064e-05,{},0.009259555488824844,1.3845874083379235,[],[],4.442409572335141,15.670969104040012,4.442418311766863,4.0,,,,,12,64,scheme_fallback:fmg->sor,17590.932957247387,35641.37149601919,4.45051197038818,,,0.03962502529752088,3.7637332583368256e-07,7.756826428677233,7.87338843413939e-05,line-sor,4x4x4,Thomas,30.52283404414863,tol_met,192,"{""4"": 192}",,0.01511690579354763,192.0
4,15.707963267948964,115.12131415452126,8.032715653990667,aer_simulator_statevector (CPU),3D_HET_RotatingSpoke_SPT100,2418,False,0.7748350063146854,2,4.442409572335141,0.1238160355583656,360.8249788326537,100,368,0,0.4674914311617613,0.21900049934123197,"{""epsilon"": 0.01}",80.59218375757337,1.3845874083379235,[],[],4.521749174373939,15.950846146449521,4.521749174375727,4.0,,697,3429,,23,64,scheme_fallback:fmg->sor,17682.939404055513,35672.165036277984,4.540755440557991,,,0.03964191929176491,0.0026828404696201806,7.760133525140998,0.21906033411379094,line-sor,4x4x4,HHL,150.98074737192917,stagnated,368,"{""4"": 368}",,80.61420295387506,368.0
4,15.707963267948964,115.15503444767836,8.064359619047572,aer_simulator_statevector (CPU),3D_HET_RotatingSpoke_SPT100,12,False,0.7154834445175555,2,4.442409572335141,0.0001053006592650787,,,624,0,1.6311155799776316,0.9613533331534992,{},599.8844798877835,1.3845874083379235,[],[],4.442502670677193,15.67129751618171,4.442511375286605,4.0,173.72756410256412,2,21,,39,64,scheme_fallback:fmg->sor,17591.01991923439,35641.38149095163,4.450541261511584,,,0.03962522893519551,2.1916735077480015e-06,7.756866291922357,0.961402638681018,line-sor,4x4x4,VQLS,112.9367691114327,stagnated,624,"{""4"": 624}",1.4734367572198328e-13,599.9152465369552,624.0
4,15.707963267948964,115.15502974414301,8.064355205132554,aer_simulator_statevector (CPU),3D_HET_RotatingSpoke_SPT100,26560,True,0.2680081138205735,2,4.442409572335141,6.480004989471952e-13,,,192,0,0.30231032706797123,0.21641200452965373,"{""max_degree"": 500}",41.55110486969352,1.3845874083379235,[],[],4.442409572335462,15.670969104041149,4.442418311767809,4.0,,5512,,,12,64,scheme_fallback:fmg->sor,17590.93295724747,35641.371496019325,4.450511970388585,501,1003,0.03962502529752069,3.7637332560757696e-07,7.756826428677195,0.21646111135487445,line-sor,4x4x4,QSVT,30.522834042882657,tol_met,192,"{""4"": 192}",,41.560533380135894,192.0
4,1.0,,,aer_simulator_statevector (CPU),3D_Poisson_TripleSin_cube,,True,0.2995029795680163,2,3.355867146788807,0.0,,,192,0,0.0002612471580505371,4.8060930566862226e-05,{},0.009227698668837547,1.7384968229309907,[],[],3.355867146788807,0.02886846792714559,3.355872401027013,4.0,,,,,12,64,scheme_fallback:fmg->sor,1.6980435930974591,1.8531128630462683,3.355927334129753,,,0.03355851403110951,9.105397615866348e-07,0.01658145925453511,7.518809676791231e-05,line-sor,4x4x4,Thomas,33.33572135152995,tol_met,192,"{""4"": 192}",,0.014436114579439163,192.0
4,1.0,,,aer_simulator_statevector (CPU),3D_Poisson_TripleSin_cube,4248,False,0.770299956000483,2,3.355867146788807,0.057041210148076026,0.9325546334348072,100,368,0,0.600794954225421,0.34795318163789646,"{""epsilon"": 0.01}",128.0467708427459,1.7384968229309907,[],[],3.3920584807697516,0.02917979978820251,3.392058480816454,4.0,,1237,6074,,23,64,scheme_fallback:fmg->sor,1.7021360398440781,1.8565888955400884,3.5498003404677245,,,0.03356205693192914,0.0016803663134275688,0.01658320982267794,0.34800624944593594,line-sor,4x4x4,HHL,147.58473612164167,stagnated,368,"{""4"": 368}",,128.06629979610443,368.0
4,1.0,,,aer_simulator_statevector (CPU),3D_Poisson_TripleSin_cube,12,False,0.7077229279091679,2,3.355867146788807,7.270292263743444e-05,,,592,0,1.3664489816874266,0.9877024557774987,{},584.7198538202792,1.7384968229309907,[],[],3.355863934132216,0.028868440290630293,3.356002697265801,4.0,180.6081081081081,2,21,,37,64,scheme_fallback:fmg->sor,1.6980431845593618,1.8531127398637708,3.3559204637218474,,,0.03355839110446583,2.060458422209952e-06,0.01658139851575712,0.9877484920686362,line-sor,4x4x4,VQLS,109.52978633235709,stagnated,592,"{""4"": 592}",1.4891635222244533e-13,584.7471073046327,592.0
4,1.0,,,aer_simulator_statevector (CPU),3D_Poisson_TripleSin_cube,26560,True,0.29950297956215227,2,3.355867146788807,2.9344315298769056e-13,,,192,0,0.3052078187465668,0.21718991521629505,"{""max_degree"": 500}",41.70046372152865,1.7384968229309907,[],[],3.355867146788807,0.02886846792714559,3.355872401027272,4.0,,5512,,,12,64,scheme_fallback:fmg->sor,1.6980435930974558,1.8531128630462732,3.3559273341300258,501,1003,0.03355851403111027,9.105397613905302e-07,0.01658145925453549,0.21723376744193956,line-sor,4x4x4,QSVT,33.335721350988585,tol_met,192,"{""4"": 192}",,41.708883348852396,192.0
4,1.0,,,aer_simulator_statevector (CPU),3D_Laplace_BCdriven_cube,,True,0.29832012648847583,2,4.078268885848402,0.0,,,184,0,0.00013849139213562012,4.9728728101953216e-05,{},0.009150085970759392,1.7384968229309907,[],[],4.078268885848402,0.015159653460476874,15.458191425115617,4.0,,,,,13,64,scheme_fallback:fmg->sor,0.7388702861057945,1.2271857297109656,1.6972040880597703,,,0.05238275951000901,2.0844229235903538e-07,0.007363642687424544,7.183081470429897e-05,line-sor,4x4x4,Thomas,32.995921764368596,tol_met,208,"{""4"": 208}",,0.014940809458494186,208.0
4,1.0,,,aer_simulator_statevector (CPU),3D_Laplace_BCdriven_cube,4248,False,0.7658195285388627,2,4.078268885848402,0.044056762376200286,0.22138211033750932,100,360,0,0.7817884497344494,0.35314290397283105,"{""epsilon"": 0.01}",127.13144543021917,1.7384968229309907,[],[],4.106499180536741,0.01526459050522333,15.514964483226953,4.0,,1237,6074,,24,64,scheme_fallback:fmg->sor,0.7402471998436624,1.2275973816996828,1.7313177966014157,,,0.052384070487236936,0.0009072011313027667,0.00736382697645338,0.3311239658408643,line-sor,4x4x4,HHL,144.0850846775752,stagnated,384,"{""4"": 384}",,127.1516028828919,384.0
4,1.0,,,aer_simulator_statevector (CPU),3D_Laplace_BCdriven_cube,12,True,0.33928268287594693,2,4.078268885848402,5.055913099156065e-05,,,184,0,1.3233238644897938,0.9822711254895219,{},180.73788709007204,1.7384968229309907,[],[],4.078295313023035,0.015159751695002499,15.458280371332735,4.0,181.14673913043478,2,21,,13,64,scheme_fallback:fmg->sor,0.7388707100707063,1.22718601886178,1.697228050063787,,,0.052382759510696444,9.761925985263023e-07,0.007363642687521179,0.868967366261551,line-sor,4x4x4,VQLS,36.92355970686215,tol_met,208,"{""4"": 208}",1.362141076261705e-13,180.7452121824026,208.0
4,1.0,,,aer_simulator_statevector (CPU),3D_Laplace_BCdriven_cube,26560,True,0.2983201264850564,2,4.078268885848402,3.0849293063355234e-13,,,184,0,0.29928876273334026,0.21490217030615263,"{""max_degree"": 500}",39.54199933633208,1.7384968229309907,[],[],4.078268885848462,0.015159653460477096,15.458191425116533,4.0,,5512,,,13,64,scheme_fallback:fmg->sor,0.7388702861057984,1.2271857297109694,1.6972040880600832,501,1003,0.052382759510009556,2.0844229233036456e-07,0.007363642687424621,0.19014877097931907,line-sor,4x4x4,QSVT,32.995921764055915,tol_met,208,"{""4"": 208}",,39.55094436369836,208.0
4,1.0,,,aer_simulator_statevector (CPU),3D_Poisson_TwoGaussian_cube,,True,0.2771176951497636,2,42.61122594458303,0.0,,,192,0,0.00012597441673278809,4.861523242046436e-05,{},0.009334124624729156,1.7384968229309907,[],[],42.61122594458303,0.22086018594339585,128789.83287369847,4.0,,,,,12,64,scheme_fallback:fmg->sor,1.7948019851379897,3.1970819353646593,62.16676318425721,,,0.31195530052159054,2.661949873261671e-07,0.052693598233233926,7.701747623893122e-05,line-sor,4x4x4,Thomas,31.317828996628233,tol_met,192,"{""4"": 192}",,0.014787355437874794,192.0
4,1.0,,,aer_simulator_statevector (CPU),3D_Poisson_TwoGaussian_cube,4248,False,0.8565940925987705,2,42.61122594458303,1.9828038483784636,0.26930344016633695,100,336,0,0.5747252404689789,0.364313928515739,"{""epsilon"": 0.01}",122.40947998128831,1.7384968229309907,[],[],43.12705241864245,0.22353378963467319,272473.5835605252,4.0,,1237,6074,,21,64,scheme_fallback:fmg->sor,1.7648559135893438,3.2025828987191667,62.44579057224122,,,0.31657488339219386,0.01625913572327483,0.05347391016696834,0.3643651515899581,line-sor,4x4x4,HHL,249.90730748172928,stagnated,336,"{""4"": 336}",,122.42669093422592,336.0
4,1.0,,,aer_simulator_statevector (CPU),3D_Poisson_TwoGaussian_cube,12,True,0.29370822615043896,2,42.61122594458303,2.186383748009435e-05,,,192,0,1.5609157420694828,1.0702314773904316,{},205.48444365896285,1.7384968229309907,[],[],42.611218993339214,0.22086014991408742,128790.08223237297,4.0,193.43229166666666,2,21,,12,64,scheme_fallback:fmg->sor,1.7948015193435296,3.197081767916324,62.1667546907137,,,0.31195532410366295,5.046267424884945e-07,0.05269360221657463,1.070273651566822,line-sor,4x4x4,VQLS,32.80412317437294,tol_met,192,"{""4"": 192}",1.0148074510348455e-13,205.49254110082984,192.0
4,1.0,,,aer_simulator_statevector (CPU),3D_Poisson_TwoGaussian_cube,26560,True,0.277117695021189,2,42.61122594458303,1.1917967479293453e-11,,,192,0,0.30277472361922264,0.21728803265917426,"{""max_degree"": 500}",41.71930227056146,1.7384968229309907,[],[],42.61122594458085,0.22086018594338452,128789.83287290203,4.0,,5512,,,12,64,scheme_fallback:fmg->sor,1.7948019851381594,3.197081935364649,62.16676318425669,501,1003,0.31195530052156617,2.661949859675942e-07,0.05269359823322981,0.21733135231382525,line-sor,4x4x4,QSVT,31.317828985305532,tol_met,192,"{""4"": 192}",,41.727619644254446,192.0
4,1.0,,,aer_simulator_statevector (CPU),3D_Poisson_HighMode_n2m3l4,,True,0.2637375723720848,2,50.28485074792308,0.0,,,176,0,0.00012569501996040344,4.9022089859301396e-05,{},0.008627887815237045,1.7384968229309907,[],[],50.28485074792308,0.4325697465189545,50.28490512904035,4.0,,,,,11,64,scheme_fallback:fmg->sor,5.229520019717759,12.389662483098771,50.28477349611503,,,0.5028470423849789,7.028496700035833e-07,0.24845968259621262,7.72219765084711e-05,line-sor,4x4x4,Thomas,30.40626944657651,tol_met,176,"{""4"": 176}",,0.013591067865490913,176.0
4,1.0,,,aer_simulator_statevector (CPU),3D_Poisson_HighMode_n2m3l4,4248,False,0.7246825516041274,2,50.28485074792308,0.02032408713325092,1.7790382993274934,100,384,0,0.716458898037672,0.3719937760324683,"{""epsilon"": 0.01}",142.84560999646783,1.7384968229309907,[],[],50.303532697421836,0.43273045587851233,50.303532697454756,4.0,,1237,6074,,24,64,scheme_fallback:fmg->sor,5.229264914328689,12.391346868933082,50.30520484716554,,,0.5028471865435131,0.0002621452360819923,0.2484597538257927,0.3720497984128694,line-sor,4x4x4,HHL,119.38069438915244,stagnated,384,"{""4"": 384}",,142.86712259054184,384.0
4,1.0,,,aer_simulator_statevector (CPU),3D_Poisson_HighMode_n2m3l4,12,True,0.2655171532172214,2,50.28485074792308,7.235188637397846e-05,,,176,0,1.4459924586117268,1.0561015030093999,{},185.87386452965438,1.7384968229309907,[],[],50.284856550508614,0.4325697964350409,50.28500946710077,4.0,197.7443181818182,2,21,,11,64,scheme_fallback:fmg->sor,5.229520348516361,12.389666867241544,50.28482667511847,,,0.5028470423852689,7.517409921658128e-07,0.24845968259635592,1.0561376638520001,line-sor,4x4x4,VQLS,30.560467676982693,tol_met,176,"{""4"": 176}",9.097773039973783e-14,185.88022883795202,176.0
4,1.0,,,aer_simulator_statevector (CPU),3D_Poisson_HighMode_n2m3l4,26560,True,0.2637375723722437,2,50.28485074792308,4.0791498384528323e-13,,,176,0,0.3089515194296837,0.2187855438413945,"{""max_degree"": 500}",38.506255716085434,1.7384968229309907,[],[],50.28485074792328,0.4325697465189563,50.28490512904078,4.0,,5512,,,11,64,scheme_fallback:fmg->sor,5.22952001971776,12.389662483098792,50.2847734961153,501,1003,0.502847042384979,7.028496700078183e-07,0.24845968259621268,0.2188289171952585,line-sor,4x4x4,QSVT,30.406269446590258,tol_met,176,"{""4"": 176}",,38.513889426365495,176.0
32,1.0,,,aer_simulator_statevector (CPU),3D_Poisson_TripleSin_cube,,True,0.17208212733371414,2,0.07556029117103875,0.0,,,21504,0,0.0007162634283304214,9.999526619573036e-05,{},2.1502982042729855,1.993223226736647,"[1.9932, 1.9747, 1.9122, 1.7385]","[[32, 32, 32], [16, 16, 16], [8, 8, 8], [4, 4, 4]]",0.07556029117103875,0.0007530382933139679,0.07564786211740321,25.166666666666668,,,,4,6,32768,,3.103747557439227,3.103812362787527,0.07556431509477211,,,0.0007555745560222065,3.2764635530770426e-07,0.00027975526806560744,0.00012849695849581622,fmg,32x32x32,Thomas,4689.477594210427,tol_met,21504,"{""4"": 1920, ""8"": 1152, ""16"": 4096, ""32"": 14336}",,2.763198595494032,16912.0
32,1.0,,,aer_simulator_statevector (CPU),3D_Poisson_TripleSin_cube,4372236,True,0.17208211836889672,2,0.07556029117103875,2.6637990492037454e-11,,,21504,0,0.6960948389023542,0.3181672375080996,"{""max_degree"": 500}",6841.868275374174,1.993223226736647,"[1.9932, 1.9747, 1.9122, 1.7385]","[[32, 32, 32], [16, 16, 16], [8, 8, 8], [4, 4, 4]]",0.07556029119159215,0.000753038293518804,0.07564786211287558,25.166666666666668,,935872,,4,6,32768,,3.1037475574393625,3.1038123627876626,0.0755643150991393,501,1003,0.0007555745560253373,3.2764625289280296e-07,0.0002797552680667665,0.31821685051788035,fmg,32x32x32,QSVT,4689.477455384392,tol_met,21504,"{""4"": 1920, ""8"": 1152, ""16"": 4096, ""32"": 14336}",,6842.935153536499,18091.16453612003
32,1.0,,,aer_simulator_statevector (CPU),3D_Laplace_BCdriven_cube,,True,0.13060123875530272,2,0.04715208955808131,0.0,,,21480,0,0.0006898995488882065,0.00011015781912487868,{},2.366189954802394,1.993223226736647,"[1.9932, 1.9747, 1.9122, 1.7385]","[[32, 32, 32], [16, 16, 16], [8, 8, 8], [4, 4, 4]]",0.04715208955808131,0.0004111759565199602,0.3893826765053828,25.166666666666668,,,,4,6,32768,,2.7141102973901337,3.6276400911929843,0.08951441609225291,,,0.0008304086193587497,5.7811647744357e-07,0.00013599579257447074,0.0001411916784404422,fmg,32x32x32,Thomas,4054.056941173605,tol_met,21504,"{""4"": 1920, ""8"": 1152, ""16"": 4096, ""32"": 14336}",,3.0361858531832695,16912.0
32,1.0,,,aer_simulator_statevector (CPU),3D_Laplace_BCdriven_cube,4372236,True,0.1306012387141723,2,0.04715208955808131,2.4784698581932397e-11,,,21480,0,0.6849030908197165,0.3320089650038609,"{""max_degree"": 500}",7131.552568282932,1.993223226736647,"[1.9932, 1.9747, 1.9122, 1.7385]","[[32, 32, 32], [16, 16, 16], [8, 8, 8], [4, 4, 4]]",0.04715208956713986,0.00041117595659895256,0.38938267651962316,25.166666666666668,,935872,,4,6,32768,,2.7141102973902087,3.6276400911931557,0.0895144160875318,501,1003,0.0008304086193605203,5.781164763511681e-07,0.00013599579257476073,0.3316892529205472,fmg,32x32x32,QSVT,4054.056940546397,tol_met,21504,"{""4"": 1920, ""8"": 1152, ""16"": 4096, ""32"": 14336}",,7132.6456948034465,18091.16453612003
32,12.959069696057895,38.796680368415785,0.16597829610404805,aer_simulator_statevector (CPU),3D_HET_RotatingSpoke_SPT100,,True,0.29732605504638776,2,0.09642844164681584,0.0,,,51968,0,0.0006880611181259155,8.424498383678368e-05,{},4.378043320029974,1.4942335181253614,"[1.4942, 1.4787, 1.429, 1.3095, 1.3636]","[[32, 32, 32], [16, 16, 32], [8, 8, 32], [4, 4, 32], [4, 4, 16]]",0.09642844164681584,0.3752194832952114,0.09643920538772038,18.108374384236452,,,,5,9,32768,,30302.172872521736,60604.55934601405,0.09643647373193533,,,0.0008154541503243932,5.788506873023722e-07,0.12894749605570405,0.00011275552131185134,fmg,32x32x32,Thomas,10961.62416847607,tol_met,51968,"{""4"": 14080, ""8"": 6144, ""16"": 11264, ""32"": 20480}",,5.85967893153429,29408.0
32,12.959069696057895,38.796680368417256,0.16597829610784545,aer_simulator_statevector (CPU),3D_HET_RotatingSpoke_SPT100,4372236,True,0.29732604823954406,2,0.09642844164681584,2.0169234689041893e-11,,,51968,0,25.089027859270573,0.3217833512960523,"{""max_degree"": 500}",16722.437200153247,1.4942335181253614,"[1.4942, 1.4787, 1.429, 1.3095, 1.3636]","[[32, 32, 32], [16, 16, 32], [8, 8, 32], [4, 4, 32], [4, 4, 16]]",0.09642844162975334,0.37521948322881826,0.09643920537398151,18.108374384236452,,935872,,5,9,32768,,30302.172872535222,60604.559346004506,0.09643647371616874,501,1003,0.0008154541503216188,5.788505680351685e-07,0.12894749605526534,0.3218327767732943,fmg,32x32x32,QSVT,10961.62396157943,tol_met,51968,"{""4"": 14080, ""8"": 6144, ""16"": 11264, ""32"": 20480}",,16725.00574335456,34629.2180935082
32,12.959069696057895,129.2118310410802,0.08043993009186794,aer_simulator_statevector (CPU),3D_HET_MMS_SPT100,,True,0.2971119318198961,2,0.08044336369121823,0.0,,,51968,0,0.0006863214075565338,8.40921319887533e-05,{},4.370099915191531,1.4942335181253614,"[1.4942, 1.4787, 1.429, 1.3095, 1.3636]","[[32, 32, 32], [16, 16, 32], [8, 8, 32], [4, 4, 32], [4, 4, 16]]",0.08044336369121823,0.24078371040474167,0.08045504011429881,18.108374384236452,,,,5,9,32768,,23305.64131735443,46611.4554168787,0.08045124583057078,,,0.0008044010393016842,5.656351289893231e-07,0.08798585240420169,0.00011258188742924059,fmg,32x32x32,Thomas,10955.11733043396,tol_met,51968,"{""4"": 14080, ""8"": 6144, ""16"": 11264, ""32"": 20480}",,5.850655525922775,29408.0
32,12.959069696057895,129.21183104108516,0.08043993009572037,aer_simulator_statevector (CPU),3D_HET_MMS_SPT100,4372236,True,0.2971119251711904,2,0.08044336369121823,2.0398702960375337e-11,,,51968,0,25.16762986406684,0.3215245349111042,"{""max_degree"": 500}",16708.987030260265,1.4942335181253614,"[1.4942, 1.4787, 1.429, 1.3095, 1.3636]","[[32, 32, 32], [16, 16, 32], [8, 8, 32], [4, 4, 32], [4, 4, 16]]",0.08044336367439238,0.2407837103543784,0.08045504010047361,18.108374384236452,,935872,,5,9,32768,,23305.641317364694,46611.45541687176,0.08045124581566704,501,1003,0.0008044010392988339,5.656350150706485e-07,0.08798585240388992,0.3215731667255635,fmg,32x32x32,QSVT,10955.117128438365,tol_met,51968,"{""4"": 14080, ""8"": 6144, ""16"": 11264, ""32"": 20480}",,16711.514328394085,34629.2180935082
32,1.0,,,aer_simulator_statevector (CPU),3D_Poisson_TwoGaussian_cube,,True,0.23742153621740683,2,0.9732386125753054,0.0,,,27264,0,0.0008390471339225769,0.00010967890010816548,{},2.9902855325490236,1.993223226736647,"[1.9932, 1.9747, 1.9122, 1.7385]","[[32, 32, 32], [16, 16, 16], [8, 8, 8], [4, 4, 4]]",0.9732386125753054,0.009663514014499719,2376660.150854183,25.389671361502348,,,,4,8,32768,,4.97160253781606,5.005462925574655,1.214546664244846,,,0.006456353883096499,5.57189418022438e-07,0.0008480483399991158,0.00014041309831653036,fmg,32x32x32,Thomas,5457.341474948154,tol_met,27264,"{""4"": 2304, ""8"": 1408, ""16"": 5120, ""32"": 18432}",,3.8282227125018835,21632.0
32,1.0,,,aer_simulator_statevector (CPU),3D_Poisson_TwoGaussian_cube,4372236,True,0.23742153339022723,2,0.9732386125753054,4.953231305872396e-11,,,27264,0,0.6448548082262278,0.3204970255591404,"{""max_degree"": 500}",8738.030904844403,1.993223226736647,"[1.9932, 1.9747, 1.9122, 1.7385]","[[32, 32, 32], [16, 16, 16], [8, 8, 8], [4, 4, 4]]",0.973238612567635,0.009663514014423558,2376660.1509564077,25.389671361502348,,935872,,4,8,32768,,4.9716025378133235,5.005462925574269,1.2145466642370515,501,1003,0.006456353883079148,5.57189364943968e-07,0.0008480483399968365,0.32054701204592867,fmg,32x32x32,QSVT,5457.341429754208,tol_met,27264,"{""4"": 2304, ""8"": 1408, ""16"": 5120, ""32"": 18432}",,8739.3937364202,23084.458100617372
32,12.959069696057895,264.0600290293903,0.0,aer_simulator_statevector (CPU),3D_HET_Discharge_SPT100,,True,0.419338088596488,2,0.0,0.0,,,79616,0,0.0006553493440151215,8.621577606659975e-05,{},6.864155227318406,1.4942335181253614,"[1.4942, 1.4787, 1.429, 1.3095, 1.3636]","[[32, 32, 32], [16, 16, 32], [8, 8, 32], [4, 4, 32], [4, 4, 16]]",0.0,0.0,0.0,18.610932475884244,,,,5,15,32768,reference,755972.009246775,756012.8518290425,0.0,,,0.0,4.625541379953886e-07,0.0,0.00011572106373125771,fmg,32x32x32,Thomas,14062.616472238666,tol_met,79616,"{""4"": 20224, ""8"": 9216, ""16"": 17408, ""32"": 32768}",,9.213248210027814,46304.0
32,12.959069696057895,264.060029029314,2.8888835766474082e-11,aer_simulator_statevector (CPU),3D_HET_Discharge_SPT100,4372236,True,0.41933808277752965,2,0.0,6.766274035536746e-11,,,79616,0,25.091947060078382,0.317239660115052,"{""max_degree"": 500}",25257.35277971998,1.4942335181253614,"[1.4942, 1.4787, 1.429, 1.3095, 1.3636]","[[32, 32, 32], [16, 16, 32], [8, 8, 32], [4, 4, 32], [4, 4, 16]]",6.766274035536746e-11,3.0488536140182987e-09,1.6200764965952667e-09,18.610932475884244,,935872,,5,15,32768,rel_vs_thomas,755972.0092470633,756012.8518293309,3.814230822500947e-11,501,1003,6.260099114086825e-13,4.6255404171555386e-07,8.673039002294532e-10,0.3172887259920645,fmg,32x32x32,QSVT,14062.616247701408,tol_met,79616,"{""4"": 20224, ""8"": 9216, ""16"": 17408, ""32"": 32768}",,25261.259208584204,54072.31273390082
32,1.0,,,aer_simulator_statevector (CPU),3D_Poisson_HighMode_n2m3l4,,True,0.23188661815093348,2,0.9239534920283293,0.0,,,27264,0,0.0008815769106149673,0.00010732087770426655,{},2.925996409729123,1.993223226736647,"[1.9932, 1.9747, 1.9122, 1.7385]","[[32, 32, 32], [16, 16, 16], [8, 8, 8], [4, 4, 4]]",0.9239534920283293,0.009124784034195144,0.925572791566305,25.389671361502348,,,,4,8,32768,,6.2035550132355555,12.183589320493722,0.9239527466366413,,,0.009239453659919723,3.605476905181188e-07,0.003420954047233198,0.00013752261354607647,fmg,32x32x32,Thomas,5369.260211625542,tol_met,27264,"{""4"": 2304, ""8"": 1408, ""16"": 5120, ""32"": 18432}",,3.749416535720229,21632.0
32,1.0,,,aer_simulator_statevector (CPU),3D_Poisson_HighMode_n2m3l4,4372236,True,0.2318866178603532,2,0.9239534920283293,2.6677738402540567e-11,,,27264,0,0.6242770962417126,0.3100540148633469,"{""max_degree"": 500}",8453.31266123429,1.993223226736647,"[1.9932, 1.9747, 1.9122, 1.7385]","[[32, 32, 32], [16, 16, 16], [8, 8, 8], [4, 4, 4]]",0.9239534920334669,0.00912478403424588,0.9255727915691906,25.389671361502348,,935872,,4,8,32768,,6.203555013234831,12.183589320494313,0.9239527466415414,501,1003,0.009239453659919128,3.605476869036842e-07,0.003420954047232978,0.31010320195351604,fmg,32x32x32,QSVT,5369.260207021873,tol_met,27264,"{""4"": 2304, ""8"": 1408, ""16"": 5120, ""32"": 18432}",,8454.653698060662,23084.458100617372
64,1.0,,,aer_simulator_statevector (CPU),3D_Poisson_TripleSin_cube,,True,0.14042491226544498,2,0.019462704028902447,0.0,,,70656,0,0.006869252771139145,0.00015793399836474092,{},11.158984588459134,1.9982493624222843,"[1.9982, 1.9932, 1.9747, 1.9122, 1.7385]","[[64, 64, 64], [32, 32, 32], [16, 16, 16], [8, 8, 8], [4, 4, 4]]",0.019462704028902447,0.000194456604997284,0.01966099031460593,52.18115942028985,,,,5,5,262144,,3.1318156719304295,3.131819962750313,0.019475526434963156,,,0.00019463870430958452,6.955257720964494e-07,7.043431339233503e-05,0.00019178697811435416,fmg,64x64x64,Thomas,16575.102013327483,tol_met,70656,"{""4"": 1920, ""8"": 1152, ""16"": 4096, ""32"": 14336, ""64"": 49152}",,13.550900725647807,57608.0
64,1.0,,,aer_simulator_statevector (CPU),3D_Poisson_TripleSin_cube,17728897,True,0.14042489980845513,2,0.019462704028902447,5.895970194329795e-11,,,70656,0,24.385894736275077,0.35313109288090083,"{""max_degree"": 500}",24950.830498592928,1.9982493624222843,"[1.9982, 1.9932, 1.9747, 1.9122, 1.7385]","[[64, 64, 64], [32, 32, 32], [16, 16, 16], [8, 8, 8], [4, 4, 4]]",0.01946270404580374,0.00019445660516614893,0.019660990309274037,52.18115942028985,,3793076,,5,5,262144,,3.1318156719315895,3.131819962751473,0.01947552647200829,501,1003,0.00019463870430973357,6.955254636109416e-07,7.043431339238889e-05,0.35318883230594517,fmg,64x64x64,QSVT,16575.10126431917,tol_met,70656,"{""4"": 1920, ""8"": 1152, ""16"": 4096, ""32"": 14336, ""64"": 49152}",,24954.910135408863,61087.71736025221
16,13.351768777756618,281.32988516737606,0.5607790811992631,aer_simulator_statevector (CPU),3D_HET_Discharge_SPT100,32723,False,0.9735151501668211,2,0.0,9.032801572891291,,100,,,,,,,1.4866848189260238,,,9.032801572891291,409.21672251695736,153.41293761396582,,,10167,48860,,10,4096,recovered_from_archive,577346.2162025325,638927.03128509,7.337701090609731,,,0.10567672454263614,0.1500493409152455,151.2646386249099,,,16x16x16,HHL,,,,,,,
8,14.137166941154067,320.665207754133,2.8090838680406396,aer_simulator_statevector (CPU),3D_HET_Discharge_SPT100,11921,False,0.9799466971824277,2,0.0,11.955653658605755,,100,,,,,,,1.460597349773671,,,11.955653658605755,547.6677916991883,260.1280312510181,,,3668,17712,,9,512,recovered_from_archive,268002.4289609107,588105.37217535,7.042505995455667,,,0.1394589131199719,0.17495023776459817,213.6453740065461,,,8x8x8,HHL,,,,,,,
16,13.351768777756618,279.76104375657326,2.5316927242442314e-11,aer_simulator_statevector (CPU),3D_HET_Discharge_SPT100,1045094,True,0.3710828262510652,2,0.0,4.179245120556388e-11,,,21760,0,33.092845695093274,0.26395732028878927,"{""max_degree"": 500}",5743.711289484054,1.4866848189260238,"[1.4867, 1.4539, 1.3636]","[[16, 16, 16], [8, 8, 16], [4, 4, 16]]",4.179245120556388e-11,1.8933405954157934e-09,7.020551981238545e-10,8.329411764705883,,222447,,3,12,4096,rel_vs_thomas,629982.4906023361,689522.1020902669,1.6309441067070444e-11,501,1003,4.440531726312833e-13,8.344352240357181e-07,6.356134047399974e-10,0.2640032881016583,fmg,16x16x16,QSVT,4211.871268225279,tol_met,21760,"{""4"": 11520, ""8"": 3584, ""16"": 6656}",,5744.711549092084,14034.9294206907
8,14.137166941154067,311.903574751962,8.875417669460945e-12,aer_simulator_statevector (CPU),3D_HET_Discharge_SPT100,186880,True,0.2752414136894741,2,0.0,1.4306320647481254e-11,,,5504,0,30.21764868311584,0.23567938183665785,"{""max_degree"": 500}",1297.1793176289648,1.460597349773671,"[1.4606, 1.3802]","[[8, 8, 8], [4, 4, 8]]",1.4306320647481254e-11,6.553477760462556e-10,3.1115656334824583e-10,4.930232558139535,,39581,,2,9,512,rel_vs_thomas,303548.7227544272,632660.5277747727,4.968246873853082e-13,501,1003,1.41455564575241e-13,9.36661126377922e-07,2.1670416270192843e-10,0.23572231328715895,fmg,8x8x8,QSVT,1091.5056153469877,tol_met,5504,"{""4"": 4224, ""8"": 1280}",,1297.4156123325229,4066.8007075523524
16,13.351768777756618,279.7610437566441,0.0,aer_simulator_statevector (CPU),3D_HET_Discharge_SPT100,,True,0.37108282759958183,2,0.0,0.0,,,21760,0,0.0003302600234746933,5.7309042655534164e-05,{},1.2470447681844234,1.4866848189260238,"[1.4867, 1.4539, 1.3636]","[[16, 16, 16], [8, 8, 16], [4, 4, 16]]",0.0,0.0,0.0,8.329411764705883,,,,3,12,4096,reference,629982.4906022033,689522.1020901544,0.0,,,0.0,8.344352604245804e-07,0.0,9.885530487415107e-05,fmg,16x16x16,Thomas,4211.871283665101,tol_met,21760,"{""4"": 11520, ""8"": 3584, ""16"": 6656}",,2.1510914340615273,11328.0
64,12.762720155208532,256.26519144002407,0.0,aer_simulator_statevector (CPU),3D_HET_Discharge_SPT100,,True,0.434903655391514,2,0.0,0.0,,,294656,0,0.00793960876762867,0.00013858932445168036,{},40.83617598563433,1.4962248084691185,"[1.4962, 1.4856, 1.4493, 1.3519, 1.3095, 1.3636]","[[64, 64, 64], [32, 32, 64], [16, 16, 64], [8, 8, 64], [4, 4, 32], [4, 4, 16]]",0.0,0.0,0.0,41.22675933970461,,,,6,16,262144,reference,811662.4073754881,811665.0454848221,0.0,,,0.0,5.575317741313793e-07,0.0,0.000171560751059856,fmg,64x64x64,Thomas,50928.22581253989,tol_met,294656,"{""4"": 22272, ""8"": 20480, ""16"": 38912, ""32"": 73728, ""64"": 139264}",,50.55140466429293,189808.0
8,14.137166941154067,311.90357475193434,0.0,aer_simulator_statevector (CPU),3D_HET_Discharge_SPT100,,True,0.2752414137959402,2,0.0,0.0,,,5504,0,0.0006292704492807388,5.0910664275613464e-05,{},0.2802122961729765,1.460597349773671,"[1.4606, 1.3802]","[[8, 8, 8], [4, 4, 8]]",0.0,0.0,0.0,4.930232558139535,,,,2,9,512,reference,303548.722754423,632660.5277747696,0.0,,,0.0,9.366611296388453e-07,0.0,7.725915016043324e-05,fmg,8x8x8,Thomas,1091.5056156742514,tol_met,5504,"{""4"": 4224, ""8"": 1280}",,0.4252343624830246,3392.0
16,13.351768777756618,279.3619249945285,0.14266416680327548,aer_simulator_statevector (CPU),3D_HET_Discharge_SPT100,89,False,0.4937281674148686,2,0.0,0.7099578126031143,,,,,,,,,1.4866848189260238,,,0.7099578126031143,32.163510606794006,11.6824311836122,,,30,240,,2,4096,recovered_from_archive,631673.374440463,689605.157956022,0.012045424739215913,,,0.003133752588535676,0.030364586543818205,4.485623063132273,,,16x16x16,VQLS,,,,,,,
8,14.137166941154067,311.9014184571697,0.0006913337772247723,aer_simulator_statevector (CPU),3D_HET_Discharge_SPT100,69,False,0.7021444438547936,2,0.0,0.01453072405182975,,,,,,,,,1.460597349773671,,,0.01453072405182975,0.6656273074226817,0.4220968581078981,,,16,134,,14,512,recovered_from_archive,303582.0384778388,632683.4125940877,0.0036172352017228813,,,7.517756209114483e-05,0.0007312830184272237,0.1151689627470848,,,8x8x8,VQLS,,,,,,,
16,13.351768777756618,136.9268004084398,0.32887473717748567,aer_simulator_statevector (CPU),3D_HET_MMS_SPT100,32723,False,0.9479583462331718,2,0.30494741570774186,0.20428454825291456,,100,,,,,,,1.4866848189260238,,,0.35468320360526445,1.0549908774884216,1.0265117369142274,,,10167,48860,,9,4096,recovered_from_archive,22863.092756165785,45161.443954251394,0.2029824844361718,,,0.003284884531576364,0.02167617221448852,0.37019053285098313,,,16x16x16,HHL,,,,,,,
8,14.137166941154067,152.41324879567986,1.0925105019144878,aer_simulator_statevector (CPU),3D_HET_MMS_SPT100,11921,False,0.8651702694755681,2,1.103254536131473,0.08317663755888076,,100,,,,,,,1.460597349773671,,,1.1125967851836143,3.2371436611961713,1.2536299125874824,,,3668,17712,,10,512,recovered_from_archive,20313.024268983845,40467.156549436855,1.1139521697758124,,,0.011022273043254698,0.0050497278422446,1.315224677189545,,,8x8x8,HHL,,,,,,,
16,13.351768777756618,136.8941352725217,0.30494036990955725,aer_simulator_statevector (CPU),3D_HET_MMS_SPT100,1045094,True,0.2674117930981305,2,0.30494741570774186,5.858613857423331e-12,,,15616,0,32.001583613455296,0.2600098408846429,"{""max_degree"": 500}",4060.3136752545834,1.4866848189260238,"[1.4867, 1.4539, 1.3636]","[[16, 16, 16], [8, 8, 16], [4, 4, 16]]",0.3049474157033656,0.9070537832368473,0.30496378058150403,8.19672131147541,,222447,,3,8,4096,,22602.43289676339,45207.40348673032,0.304956244014007,501,1003,0.0030494145112345203,6.61593699527327e-07,0.3436542051771003,0.26005517022367414,fmg,16x16x16,QSVT,3407.705553399979,tol_met,15616,"{""4"": 8448, ""8"": 2560, ""16"": 4608}",,4061.0215382128954,9974.175705152133
8,14.137166941154067,152.42943909932623,1.1032491906724042,aer_simulator_statevector (CPU),3D_HET_MMS_SPT100,186880,True,0.19901857289777547,2,1.103254536131473,1.3623227190015341e-12,,,4480,0,30.223327722400427,0.23840168069416126,"{""max_degree"": 500}",1068.0395295098424,1.460597349773671,"[1.4606, 1.3802]","[[8, 8, 8], [4, 4, 8]]",1.103254536131766,3.2099620238750504,1.1032591233368794,4.914285714285715,,39581,,2,7,512,,20213.95454426154,40462.8755327367,1.1032553342487517,501,1003,0.011032507164108668,2.4103525825168816e-07,1.316445856182631,0.23844521717068606,fmg,8x8x8,QSVT,912.8429109285091,tol_met,4480,"{""4"": 3456, ""8"": 1024}",,1068.2345729246736,3304.109669815561
16,13.351768777756618,136.89413527251932,0.30494036990780793,aer_simulator_statevector (CPU),3D_HET_MMS_SPT100,,True,0.26741179378461843,2,0.30494741570774186,0.0,,,15616,0,0.0002545081079006195,5.732279604388645e-05,{},0.8951527830213308,1.4866848189260238,"[1.4867, 1.4539, 1.3636]","[[16, 16, 16], [8, 8, 16], [4, 4, 16]]",0.30494741570774186,0.9070537832498644,0.30496378058463297,8.19672131147541,,,,3,8,4096,,22602.432896760816,45207.403486732204,0.30495624401818816,,,0.003049414511235871,6.615937131144842e-07,0.34365420517725254,8.342664731288573e-05,fmg,16x16x16,Thomas,3407.705560032536,tol_met,15616,"{""4"": 8448, ""8"": 2560, ""16"": 4608}",,1.3027905244380236,8000.0
64,12.762720155208532,125.39174608806792,0.020677615811413107,aer_simulator_statevector (CPU),3D_HET_MMS_SPT100,,True,0.29711086908050977,2,0.020681174010366524,0.0,,,179968,0,0.0132571030408144,0.00013285941859739694,{},23.91044384613633,1.4962248084691185,"[1.4962, 1.4856, 1.4493, 1.3519, 1.3095, 1.3636]","[[64, 64, 64], [32, 32, 64], [16, 16, 64], [8, 8, 64], [4, 4, 32], [4, 4, 16]]",0.020681174010366524,0.06200729565097163,0.020696916837057454,40.25604551920341,,,,6,9,262144,,23495.762588774774,46991.537879831885,0.020690243205814696,,,0.00020677556812012104,6.150910103294372e-07,0.022274546287719185,0.00016599606684008998,fmg,64x64x64,Thomas,37938.053129842025,tol_met,179968,"{""4"": 15104, ""8"": 13312, ""16"": 24576, ""32"": 45056, ""64"": 81920}",,29.873980157077312,113200.0
8,14.137166941154067,152.42943909932626,1.103249190672423,aer_simulator_statevector (CPU),3D_HET_MMS_SPT100,,True,0.19901857289404457,2,1.103254536131473,0.0,,,4480,0,0.0006247200071811676,5.083975889387407e-05,{},0.22776211984455585,1.460597349773671,"[1.4606, 1.3802]","[[8, 8, 8], [4, 4, 8]]",1.103254536131473,3.2099620238741977,1.1032591233365212,4.914285714285715,,,,2,7,512,,20213.9545442614,40462.875532736776,1.1032553342489335,,,0.0110325071641088,2.4103525822005757e-07,1.3164458561826466,7.724147664183485e-05,fmg,8x8x8,Thomas,912.842910917909,tol_met,4480,"{""4"": 3456, ""8"": 1024}",,0.3460418153554201,2752.0
16,13.351768777756618,136.90968617719426,0.3163348139649813,aer_simulator_statevector (CPU),3D_HET_MMS_SPT100,89,False,0.9256621174831318,2,0.30494741570774186,0.17071727610342152,,,,,,,,,1.4866848189260238,,,0.39716078623357776,1.1813387330257399,1.064044666802753,,,30,240,,11,4096,recovered_from_archive,22577.50879286882,45169.56319857491,0.22099724272336552,,,0.0031615586775308826,0.015399393718482968,0.3562923080627009,,,16x16x16,VQLS,,,,,,,
8,14.137166941154067,152.43076016959515,1.1041254288675042,aer_simulator_statevector (CPU),3D_HET_MMS_SPT100,69,False,0.8966800492350696,2,1.103254536131473,0.08530282881615284,,,,,,,,,1.460597349773671,,,1.1614263191105458,3.3792150911478984,1.4544291027974008,,,16,134,,14,512,recovered_from_archive,20268.630932999928,40463.518446694754,1.1048617621954293,,,0.011035280534552662,0.004196704321192576,1.316776786584429,,,8x8x8,VQLS,,,,,,,
16,13.351768777756618,41.217270143506596,0.6689296982309173,aer_simulator_statevector (CPU),3D_HET_RotatingSpoke_SPT100,32723,False,0.948012944329474,2,0.3680659468398423,0.20428895429134278,,100,,,,,,,1.4866848189260238,,,0.3974681774159491,1.5369289724026203,1.089108746359938,,,10167,48860,,9,4096,recovered_from_archive,29740.73868859618,58746.60566576809,0.2660382500644383,,,0.0033258797460241885,0.02202895237339751,0.5418572460100811,,,16x16x16,HHL,,,,,,,
8,14.137166941154067,46.31629291059303,2.4020847809347567,aer_simulator_statevector (CPU),3D_HET_RotatingSpoke_SPT100,11921,False,0.8654206791003322,2,1.3426155917380076,0.08316973296374175,,100,,,,,,,1.460597349773671,,,1.3520179626259647,5.113873567287385,1.493175191017533,,,3668,17712,,10,512,recovered_from_archive,26469.51650300371,52726.5231572342,1.3537474859309682,,,0.011167901899099742,0.005130503681353012,1.9265199784284606,,,8x8x8,HHL,,,,,,,
16,13.351768777756618,41.20733661599343,0.6446680821802429,aer_simulator_statevector (CPU),3D_HET_RotatingSpoke_SPT100,1045094,True,0.26813169124475006,2,0.3680659468398423,5.858591166582601e-12,,,15616,0,33.27713275142014,0.26347697301508693,"{""max_degree"": 500}",4114.456410603598,1.4866848189260238,"[1.4867, 1.4539, 1.3636]","[[16, 16, 16], [8, 8, 16], [4, 4, 16]]",0.3680659468357262,1.423236499395614,0.368082088034319,8.19672131147541,,222447,,3,8,4096,,29401.65263006194,58806.39409548892,0.3680824262915106,501,1003,0.003092991546305935,6.863979238728409e-07,0.5039147561535459,0.2635312139410402,fmg,16x16x16,QSVT,3414.665747178872,tol_met,15616,"{""4"": 8448, ""8"": 2560, ""16"": 4608}",,4115.303436903283,9974.175705152133
8,14.137166941154067,46.321059879896325,2.4126242167157392,aer_simulator_statevector (CPU),3D_HET_RotatingSpoke_SPT100,186880,True,0.2007491664223748,2,1.3426155917380076,1.4087831941008046e-12,,,4480,0,30.23506388068199,0.23814848222204352,"{""max_degree"": 500}",1066.905200354755,1.460597349773671,"[1.4606, 1.3802]","[[8, 8, 8], [4, 4, 8]]",1.3426155917383231,5.078310033901516,1.3426202411874257,4.914285714285715,,39581,,2,7,512,,26340.354262723482,52720.92503840243,1.3429864820092812,501,1003,0.011177627116162114,2.592789441438509e-07,1.9281976279220256,0.23819190717476885,fmg,8x8x8,QSVT,917.7650278721187,tol_met,4480,"{""4"": 3456, ""8"": 1024}",,1067.0997441429645,3304.109669815561
16,13.351768777756618,41.20733661599273,0.6446680821785421,aer_simulator_statevector (CPU),3D_HET_RotatingSpoke_SPT100,,True,0.26813169192294656,2,0.3680659468398423,0.0,,,15616,0,0.00013537518680095673,5.776337114139842e-05,{},0.9020328037440777,1.4866848189260238,"[1.4867, 1.4539, 1.3636]","[[16, 16, 16], [8, 8, 16], [4, 4, 16]]",0.3680659468398423,1.42323649941153,0.36808208803718684,8.19672131147541,,,,3,8,4096,,29401.6526300588,58806.394095491014,0.36808242629508703,,,0.0030929915463071794,6.863979377617684e-07,0.5039147561537485,8.429716470971948e-05,fmg,16x16x16,Thomas,3414.6657537404503,tol_met,15616,"{""4"": 8448, ""8"": 2560, ""16"": 4608}",,1.3163845241069794,8000.0
64,12.762720155208532,37.625573801500934,0.042081575467640374,aer_simulator_statevector (CPU),3D_HET_RotatingSpoke_SPT100,,True,0.2972434378138234,2,0.02469083276592848,0.0,,,179968,0,0.008458839729428291,0.00013232429114492958,{},23.814138028770685,1.4962248084691185,"[1.4962, 1.4856, 1.4493, 1.3519, 1.3095, 1.3636]","[[64, 64, 64], [32, 32, 64], [16, 16, 64], [8, 8, 64], [4, 4, 32], [4, 4, 16]]",0.02469083276592848,0.09623802286773753,0.024701271791619094,40.25604551920341,,,,6,9,262144,,30545.71583482202,61091.44754557866,0.024699921971343464,,,0.0002095169164411656,6.279512709239823e-07,0.03262885851134637,0.0001648805016594784,fmg,64x64x64,Thomas,37952.00289725889,tol_met,179968,"{""4"": 15104, ""8"": 13312, ""16"": 24576, ""32"": 45056, ""64"": 81920}",,29.673214122653008,113200.0
8,14.137166941154067,46.32105987989634,2.4126242167157703,aer_simulator_statevector (CPU),3D_HET_RotatingSpoke_SPT100,,True,0.20074916639950835,2,1.3426155917380076,0.0,,,4480,0,0.0006043482571840286,5.136956751812249e-05,{},0.23013566248118877,1.460597349773671,"[1.4606, 1.3802]","[[8, 8, 8], [4, 4, 8]]",1.3426155917380076,5.078310033900323,1.3426202411871877,4.914285714285715,,,,2,7,512,,26340.354262723202,52720.92503840226,1.3429864820089594,,,0.011177627116162091,2.592789439370987e-07,1.9281976279220217,7.778486469760537e-05,fmg,8x8x8,Thomas,917.7650278070141,tol_met,4480,"{""4"": 3456, ""8"": 1024}",,0.34847619384527206,2752.0
16,13.351768777756618,41.21232171593927,0.6568436744559875,aer_simulator_statevector (CPU),3D_HET_RotatingSpoke_SPT100,89,False,0.915422154614146,2,0.3680659468398423,0.16614913804249654,,,,,,,,,1.4866848189260238,,,0.48184859300832455,1.8632109562092865,1.0611277121067615,,,30,240,,9,4096,recovered_from_archive,29391.99340824304,58773.91129737338,0.3126422618528761,,,0.0031999074652802008,0.01661603402457342,0.5213336557632768,,,16x16x16,VQLS,,,,,,,
8,14.137166941154067,46.320774829078005,2.4119939892897047,aer_simulator_statevector (CPU),3D_HET_RotatingSpoke_SPT100,69,False,0.8287614615420051,2,1.3426155917380076,0.07988870055008367,,,,,,,,,1.460597349773671,,,1.3450975658683462,5.08769785436624,1.3453227078788181,,,16,134,,13,512,recovered_from_archive,26345.52358579679,52722.72837706436,1.3464529561939789,,,0.0111769844017825,0.0017095623915765227,1.9280867564168915,,,8x8x8,VQLS,,,,,,,
16,1.0,,,aer_simulator_statevector (CPU),3D_Laplace_BCdriven_cube,42708,False,0.7019706828109927,2,0.2011151227495569,0.11423546468312547,,100,,,,,,,1.9746752505183298,,,0.19001958167449504,0.0014505836476028655,1.7242696638450266,,,13295,63763,,10,4096,recovered_from_archive,2.3326416984201845,2.994518168823996,0.26786644950998145,,,0.0033741836493190653,0.0030871074860680968,0.0005400651895701081,,,16x16x16,HHL,,,,,,,
8,1.0,,,aer_simulator_statevector (CPU),3D_Laplace_BCdriven_cube,15342,False,0.6994328652031083,2,0.8929083468625941,0.10766950983323063,,100,,,,,,,1.9121868224772895,,,0.8754785638753373,0.005181507969008237,5.253212547084772,,,4724,22873,,10,512,recovered_from_archive,1.6450398713788463,2.1183946023275273,0.3778298364258042,,,0.013357834086183002,0.0025210814201239162,0.0020433426466720055,,,8x8x8,HHL,,,,,,,
16,1.0,,,aer_simulator_statevector (CPU),3D_Laplace_BCdriven_cube,1045094,True,0.15471496416644293,2,0.2011151227495569,8.055417928467298e-12,,,7144,0,0.5746044851839542,0.26099068140569337,"{""max_degree"": 500}",1864.5174279622734,1.9746752505183298,"[1.9747, 1.9122, 1.7385]","[[16, 16, 16], [8, 8, 8], [4, 4, 4]]",0.20111512274996413,0.0015352854993991305,1.458646824572684,11.5,,222447,,3,7,4096,,2.315838981472883,2.994910015541803,0.2548160330527743,501,1003,0.0033369458468798146,2.253427637579991e-07,0.0005341049802502666,0.26016326206055446,fmg,16x16x16,QSVT,1263.4680279354236,tol_met,7168,"{""4"": 1920, ""8"": 1152, ""16"": 4096}",,1864.8502624500543,5691.765097369466
8,1.0,,,aer_simulator_statevector (CPU),3D_Laplace_BCdriven_cube,186880,True,0.14585146526682993,2,0.8929083468625939,6.610965667532342e-13,,,2408,0,0.41727372258901596,0.21997847359711026,"{""max_degree"": 500}",529.7081644218415,1.9121868224772895,"[1.9122, 1.7385]","[[8, 8, 8], [4, 4, 4]]",0.8929083468625751,0.005284665902478003,5.103526298426383,5.473684210526316,,39581,,2,6,512,,1.638685417349247,2.118718065991891,0.36261824545147364,501,1003,0.013371757084805239,8.655400533208582e-07,0.0020454724423163307,0.21784993071847375,fmg,8x8x8,QSVT,484.79675571833445,tol_met,2432,"{""4"": 1536, ""8"": 896}",,529.8110315073282,1909.3820754735827
16,1.0,,,aer_simulator_statevector (CPU),3D_Laplace_BCdriven_cube,,True,0.15471496414088745,2,0.2011151227495569,0.0,,,7144,0,0.000655071809887886,6.574386113384804e-05,{},0.46967414394021034,1.9746752505183298,"[1.9747, 1.9122, 1.7385]","[[16, 16, 16], [8, 8, 8], [4, 4, 4]]",0.2011151227495569,0.0015352854993960219,1.4586468245723327,11.5,,,,3,7,4096,,2.31583898147257,2.9949100155417843,0.2548160330533955,,,0.0033369458468799555,2.2534276349744818e-07,0.0005341049802502893,9.174465256884494e-05,fmg,16x16x16,Thomas,1263.468027823592,tol_met,7168,"{""4"": 1920, ""8"": 1152, ""16"": 4096}",,0.6576256696134806,5152.0
64,1.0,,,aer_simulator_statevector (CPU),3D_Laplace_BCdriven_cube,,True,0.11827278047908962,2,0.0114262520798614,0.0,,,81704,0,0.0065782275050878525,0.00016485154770098026,{},13.469030853360891,1.9982493624222843,"[1.9982, 1.9932, 1.9747, 1.9122, 1.7385]","[[64, 64, 64], [32, 32, 32], [16, 16, 16], [8, 8, 8], [4, 4, 4]]",0.0114262520798614,0.00010664891205652838,0.10049791310072485,52.45105716523101,,,,5,6,262144,,2.925184123705611,4.009834316161552,0.025633547331638196,,,0.00020693832684103768,3.33170994409258e-07,3.428022880221637e-05,0.00019960427879116635,fmg,64x64x64,Thomas,14692.16925025465,tol_met,81728,"{""4"": 2112, ""8"": 1280, ""16"": 4608, ""32"": 16384, ""64"": 57344}",,16.313258497044444,66980.0
8,1.0,,,aer_simulator_statevector (CPU),3D_Laplace_BCdriven_cube,,True,0.14585146526638923,2,0.8929083468625939,0.0,,,2408,0,0.0001358240842819214,5.030112365799093e-05,{},0.12112510576844215,1.9121868224772895,"[1.9122, 1.7385]","[[8, 8, 8], [4, 4, 4]]",0.8929083468625939,0.005284665902478114,5.103526298426553,5.473684210526316,,,,2,6,512,,1.6386854173492391,2.1187180659918865,0.36261824545168253,,,0.013371757084805369,8.65540053305165e-07,0.002045472442316351,7.467856554093917e-05,fmg,8x8x8,Thomas,484.79675571757355,tol_met,2432,"{""4"": 1536, ""8"": 896}",,0.18161827139556408,1664.0
16,1.0,,,aer_simulator_statevector (CPU),3D_Laplace_BCdriven_cube,89,False,0.4876211495054563,2,0.2011151227495569,5.610827752820157,,,,,,,,,1.9746752505183298,,,5.452839641872123,0.041626236347840795,9.658583880786482,,,30,240,,1,4096,recovered_from_archive,2.226260529905501,3.157961548388398,5.1755992567147775,,,0.04536249902336196,0.05181970874427743,0.007260632253780803,,,16x16x16,VQLS,,,,,,,
8,1.0,,,aer_simulator_statevector (CPU),3D_Laplace_BCdriven_cube,69,False,0.5885251410192612,2,0.8929083468625941,0.006660526628278871,,,,,,,,,1.9121868224772895,,,0.8931474897655487,0.005286081266495601,5.119699668148623,,,16,134,,12,512,recovered_from_archive,1.6387918934298866,2.1189221094538913,0.35302265241608816,,,0.0133720264992752,0.0001552347525167456,0.0020455136545422465,,,8x8x8,VQLS,,,,,,,
16,1.0,,,aer_simulator_statevector (CPU),3D_Poisson_HighMode_n2m3l4,42708,False,0.7549581905696552,2,3.5304205363909498,0.10797438671072508,,100,,,,,,,1.9746752505183298,,,3.55615532987466,0.03510839395472243,3.7826738113354574,,,13295,63763,,10,4096,recovered_from_archive,6.196468810502488,11.560493581704955,3.5563531745649692,,,0.03531649241406198,0.004595821922441245,0.013674957273976931,,,16x16x16,HHL,,,,,,,
8,1.0,,,aer_simulator_statevector (CPU),3D_Poisson_HighMode_n2m3l4,15342,False,0.6549279874266853,2,13.23305455282395,0.06453046771851466,,100,,,,,,,1.9121868224772895,,,13.250513011538873,0.11129258823324484,13.253643646330627,,,4724,22873,,11,512,recovered_from_archive,5.247796086479875,8.56083146616927,13.250437460830392,,,0.13232954811555006,0.000854654318670965,0.055826528111247685,,,8x8x8,HHL,,,,,,,
16,1.0,,,aer_simulator_statevector (CPU),3D_Poisson_HighMode_n2m3l4,1045094,True,0.20491753166520454,2,3.5304205363909498,6.199518084724493e-12,,,8000,0,0.5742024630308151,0.26303122940612955,"{""max_degree"": 500}",2104.2498352490366,1.9746752505183298,"[1.9747, 1.9122, 1.7385]","[[16, 16, 16], [8, 8, 8], [4, 4, 4]]",3.530420536395324,0.034854325393592456,3.531104455892968,11.552,,222447,,3,8,4096,,6.196453597184895,11.557598339778703,3.5304182356004903,501,1003,0.035304046327085274,2.3685073543345283e-07,0.013670138004111761,0.26307846473902463,fmg,16x16x16,QSVT,1452.5997440733559,tol_met,8000,"{""4"": 2112, ""8"": 1280, ""16"": 4608}",,2104.627717912197,6371.786457735359
8,1.0,,,aer_simulator_statevector (CPU),3D_Poisson_HighMode_n2m3l4,186880,True,0.1380161355949063,2,13.23305455282395,6.653931305275589e-13,,,2432,0,0.3230174444615841,0.21919488070737939,"{""max_degree"": 500}",533.0819498803467,1.9121868224772895,"[1.9122, 1.7385]","[[8, 8, 8], [4, 4, 4]]",13.23305455282415,0.11114595262334559,13.233227171788265,5.473684210526316,,39581,,2,6,512,,5.249901491148604,8.559509783876086,13.232953049593144,501,1003,0.1323290797392961,6.211117403096964e-07,0.055826330515015544,0.21923718670931472,fmg,8x8x8,QSVT,471.27939450838693,tol_met,2432,"{""4"": 1536, ""8"": 896}",,533.1848380770534,1909.3820754735827
16,1.0,,,aer_simulator_statevector (CPU),3D_Poisson_HighMode_n2m3l4,,True,0.20491753169093288,2,3.5304205363909498,0.0,,,8000,0,0.000848596915602684,6.95689581334591e-05,{},0.5565516650676727,1.9746752505183298,"[1.9747, 1.9122, 1.7385]","[[16, 16, 16], [8, 8, 8], [4, 4, 4]]",3.5304205363909498,0.03485432539354927,3.5311044558523275,11.552,,,,3,8,4096,,6.196453597184854,11.557598339778226,3.53041823559621,,,0.035304046327085184,2.3685073567135673e-07,0.013670138004111727,9.77362641133368e-05,fmg,16x16x16,Thomas,1452.5997441884117,tol_met,8000,"{""4"": 2112, ""8"": 1280, ""16"": 4608}",,0.7818901129066944,5776.0
8,1.0,,,aer_simulator_statevector (CPU),3D_Poisson_HighMode_n2m3l4,,True,0.1380161355940458,2,13.23305455282395,0.0,,,2432,0,0.0002110358327627182,5.2331857946946435e-05,{},0.12727107852697372,1.9121868224772895,"[1.9122, 1.7385]","[[8, 8, 8], [4, 4, 4]]",13.23305455282395,0.11114595262334392,13.233227171787762,5.473684210526316,,,,2,6,512,,5.249901491148602,8.559509783876061,13.232953049592815,,,0.13232907973929608,6.211117402864615e-07,0.05582633051501553,7.825249524198865e-05,fmg,8x8x8,Thomas,471.2793945069032,tol_met,2432,"{""4"": 1536, ""8"": 896}",,0.1903100684285164,1664.0
16,1.0,,,aer_simulator_statevector (CPU),3D_Poisson_HighMode_n2m3l4,89,False,0.656476314744341,2,3.5304205363909498,5.6555173523106985,,,,,,,,,1.9746752505183298,,,3.8628888434205733,0.03813664217049023,51.714320708090014,,,30,240,,1,4096,recovered_from_archive,6.053764458418865,11.284681537475603,1.085689680818085,,,0.03661893759455885,0.05005092500533025,0.014179279220397072,,,16x16x16,VQLS,,,,,,,
8,1.0,,,aer_simulator_statevector (CPU),3D_Poisson_HighMode_n2m3l4,69,False,0.6421511927231766,2,13.23305455282395,0.005967441553174947,,,,,,,,,1.9121868224772895,,,13.23654611581385,0.11117527866391208,13.241488012009835,,,16,134,,18,512,recovered_from_archive,5.249981997010114,8.559705332108985,13.235539938846586,,,0.1323288485965918,3.097862053841282e-05,0.05582623300168718,,,8x8x8,VQLS,,,,,,,
16,1.0,,,aer_simulator_statevector (CPU),3D_Poisson_TripleSin_cube,42708,False,0.9688703493115586,2,0.28508354027531985,0.11204049408463033,,100,,,,,,,1.9746752505183298,,,0.26026103550129104,0.0025694454032089142,0.7298896542901323,,,13295,63763,,9,4096,recovered_from_archive,3.025593698643031,3.0265128124956426,1.132960648797381,,,0.0028794011011629363,0.0243849060953758,0.0011149376492827206,,,16x16x16,HHL,,,,,,,
8,1.0,,,aer_simulator_statevector (CPU),3D_Poisson_TripleSin_cube,15342,False,0.8937076209088167,2,1.021609868539528,0.11814844731656557,,100,,,,,,,1.9121868224772895,,,0.9986202188950211,0.0095379431998589,1.2453180856984178,,,4724,22873,,9,512,recovered_from_archive,2.6646677884128493,2.6770185669402338,1.494409760374987,,,0.010190530339412994,0.008423621498778155,0.004299129986939857,,,8x8x8,HHL,,,,,,,
16,1.0,,,aer_simulator_statevector (CPU),3D_Poisson_TripleSin_cube,1045094,True,0.17820635225109796,2,0.28508354027531985,9.374539125620194e-12,,,6336,0,0.3611723221838474,0.24033801404040805,"{""max_degree"": 500}",1522.7816569600254,1.9746752505183298,"[1.9747, 1.9122, 1.7385]","[[16, 16, 16], [8, 8, 8], [4, 4, 4]]",0.2850835402764781,0.002814507329854554,0.28516759633853234,11.434343434343434,,222447,,3,6,4096,,3.0002071749978882,3.0011392458020274,0.2850858566107146,501,1003,0.0028507448972860338,4.6800980066991326e-07,0.0011038416333178115,0.24038113502555084,fmg,16x16x16,QSVT,1409.7352536730068,tol_met,6336,"{""4"": 1728, ""8"": 1024, ""16"": 3584}",,1523.0548715218902,5011.743737003573
8,1.0,,,aer_simulator_statevector (CPU),3D_Poisson_TripleSin_cube,186880,True,0.14312395162738678,2,1.021609868539528,9.090099961893763e-13,,,2432,0,0.33523386530578136,0.21955584375858675,"{""max_degree"": 500}",533.959812020883,1.9121868224772895,"[1.9122, 1.7385]","[[8, 8, 8], [4, 4, 4]]",1.021609868539528,0.009757520140466602,1.0216115163682917,5.473684210526316,,39581,,2,6,512,,2.652104109054848,2.664547980827823,1.021609611554316,501,1003,0.01021607239886141,1.6557731775547905e-07,0.004309905543269659,0.21959776080467763,fmg,8x8x8,QSVT,480.08912391419364,tol_met,2432,"{""4"": 1536, ""8"": 896}",,534.061754276976,1909.3820754735827
16,1.0,,,aer_simulator_statevector (CPU),3D_Poisson_TripleSin_cube,,True,0.1782063511547767,2,0.28508354027531985,0.0,,,6336,0,0.000621771439909935,6.507476997524123e-05,{},0.41231374256312847,1.9746752505183298,"[1.9747, 1.9122, 1.7385]","[[16, 16, 16], [8, 8, 8], [4, 4, 4]]",0.28508354027531985,0.002814507329843119,0.28516759632953415,11.434343434343434,,,,3,6,4096,,3.000207174997442,3.00113924580158,0.2850858565957712,,,0.002850744897286109,4.680097833951796e-07,0.0011038416333178408,9.144977031444961e-05,fmg,16x16x16,Thomas,1409.735248644834,tol_met,6336,"{""4"": 1728, ""8"": 1024, ""16"": 3584}",,0.5794257447123528,4528.0
8,1.0,,,aer_simulator_statevector (CPU),3D_Poisson_TripleSin_cube,,True,0.14312395161111574,2,1.021609868539528,0.0,,,2432,0,0.00011985562741756439,4.947557892209213e-05,{},0.12032460793852806,1.9121868224772895,"[1.9122, 1.7385]","[[8, 8, 8], [4, 4, 4]]",1.021609868539528,0.009757520140466602,1.0216115163674286,5.473684210526316,,,,2,6,512,,2.652104109054829,2.6645479808278276,1.0216096115544846,,,0.010216072398861338,1.6557731764248536e-07,0.0043099055432696265,7.404436933268841e-05,fmg,8x8x8,Thomas,480.0891238861188,tol_met,2432,"{""4"": 1536, ""8"": 896}",,0.18007590621709824,1664.0
16,1.0,,,aer_simulator_statevector (CPU),3D_Poisson_TripleSin_cube,89,False,1.0580807852622731,2,0.28508354027531985,1.0308015221702895,,,,,,,,,1.9746752505183298,,,0.7677572733800121,0.007579737754700111,1.573608568961159,,,30,240,,1,4096,recovered_from_archive,2.9983642035999183,2.999330779328412,0.224654733386758,,,0.005199394129622745,0.02758701892407048,0.0020132659761207495,,,16x16x16,VQLS,,,,,,,
8,1.0,,,aer_simulator_statevector (CPU),3D_Poisson_TripleSin_cube,69,False,0.6872672030222513,2,1.021609868539528,0.009881524091301056,,,,,,,,,1.9121868224772895,,,1.0248408440400354,0.009788379580542905,1.0459400699321297,,,16,134,,9,512,recovered_from_archive,2.65223281404468,2.6647493714956263,1.0292449814439195,,,0.010216537109557859,0.0006615620381215819,0.004310101593094722,,,8x8x8,VQLS,,,,,,,
16,1.0,,,aer_simulator_statevector (CPU),3D_Poisson_TwoGaussian_cube,42708,False,0.9916138788710749,2,3.774669674706238,11.463888095101463,,100,,,,,,,1.9746752505183298,,,12.080845328456551,0.12048184592878931,6090932401.2492075,,,13295,63763,,9,4096,recovered_from_archive,4.898180768620057,4.903262527856189,4.996533092635725,,,0.14792107864612636,0.14037974457393992,0.020315847615196864,,,16x16x16,HHL,,,,,,,
8,1.0,,,aer_simulator_statevector (CPU),3D_Poisson_TwoGaussian_cube,15342,False,0.9740321636147248,2,13.976235177866029,10.129707739199702,,100,,,,,,,1.9121868224772895,,,13.247777189754856,0.12146036427626083,17885064.97727929,,,4724,22873,,9,512,recovered_from_archive,5.23158531878516,5.253900740393554,16.97678842314104,,,0.16780027030254074,0.10393329563433049,0.02509959484658079,,,8x8x8,HHL,,,,,,,
16,1.0,,,aer_simulator_statevector (CPU),3D_Poisson_TwoGaussian_cube,1045094,True,0.2101223623906661,2,3.774669674706238,1.594323550565923e-11,,,8000,0,0.5790722966194153,0.27547938557993623,"{""max_degree"": 500}",2203.8350846394897,1.9746752505183298,"[1.9747, 1.9122, 1.7385]","[[16, 16, 16], [8, 8, 8], [4, 4, 4]]",3.7746696747052804,0.03764464802050549,48466345.112807505,11.552,,222447,,3,8,4096,,4.873996536831516,4.880440903422032,4.507839813106948,501,1003,0.02480572990953342,3.2218858863871564e-07,0.003406880435420683,0.27552747652772813,fmg,16x16x16,QSVT,1475.954360174404,tol_met,8000,"{""4"": 2112, ""8"": 1280, ""16"": 4608}",,2204.219812221825,6371.786457735359
8,1.0,,,aer_simulator_statevector (CPU),3D_Poisson_TwoGaussian_cube,186880,True,0.14832300409173527,2,13.976235177866029,4.741403511395917e-11,,,2752,0,0.3251299038529396,0.2194709852967292,"{""max_degree"": 500}",603.9841515365988,1.9121868224772895,"[1.9122, 1.7385]","[[8, 8, 8], [4, 4, 4]]",13.976235177867627,0.12813912791553417,682909.264147252,5.488372093023256,,39581,,2,7,512,,5.194677065599817,5.22194614450459,16.265327322684396,501,1003,0.09516410439281621,1.5984014847566558e-07,0.014234663984097524,0.21951329906276146,fmg,8x8x8,QSVT,474.35677524839565,tol_met,2752,"{""4"": 1728, ""8"": 1024}",,604.1005990207195,2164.054834907781
16,1.0,,,aer_simulator_statevector (CPU),3D_Poisson_TwoGaussian_cube,,True,0.21012235991114284,2,3.774669674706238,0.0,,,8000,0,0.0006587114185094833,7.199500012211501e-05,{},0.5759600009769201,1.9746752505183298,"[1.9747, 1.9122, 1.7385]","[[16, 16, 16], [8, 8, 8], [4, 4, 4]]",3.774669674706238,0.03764464802051504,48466345.126253724,11.552,,,,3,8,4096,,4.8739965368315445,4.8804409034220715,4.507839813107785,,,0.024805729909546863,3.2218855822323994e-07,0.0034068804354225293,0.00010071854246780277,fmg,16x16x16,Thomas,1475.9543490102435,tol_met,8000,"{""4"": 2112, ""8"": 1280, ""16"": 4608}",,0.8057483397424221,5776.0
8,1.0,,,aer_simulator_statevector (CPU),3D_Poisson_TwoGaussian_cube,,True,0.14832300365510936,2,13.976235177866029,0.0,,,2752,0,0.00014014355838298798,5.1311879191374364e-05,{},0.14121029153466225,1.9121868224772895,"[1.9122, 1.7385]","[[8, 8, 8], [4, 4, 4]]",13.976235177866029,0.1281391279155195,682909.2642118853,5.488372093023256,,,,2,7,512,,5.194677065598673,5.221946144504503,16.265327322682456,,,0.09516410439282441,1.5984014518209666e-07,0.014234663984098754,7.65356499171101e-05,fmg,8x8x8,Thomas,474.3567745166754,tol_met,2752,"{""4"": 1728, ""8"": 1024}",,0.21062610857188702,1888.0
16,1.0,,,aer_simulator_statevector (CPU),3D_Poisson_TwoGaussian_cube,89,False,0.6506527225537299,2,3.774669674706238,4.411329065990531,,,,,,,,,1.9746752505183298,,,2.5577512989400812,0.02550836382261923,716263921.0123343,,,30,240,,1,4096,recovered_from_archive,4.67756563478285,4.6981435584853015,0.6041962489272897,,,0.024568442038928148,0.05786429059604421,0.0033742907310710824,,,16x16x16,VQLS,,,,,,,
8,1.0,,,aer_simulator_statevector (CPU),3D_Poisson_TwoGaussian_cube,69,False,0.6673823619137044,2,13.976235177866029,0.025360201582971375,,,,,,,,,1.9121868224772895,,,13.976096307384047,0.12813785470122196,686409.5961924794,,,16,134,,13,512,recovered_from_archive,5.1948610118159095,5.221986277329365,16.26622087000943,,,0.09517092661559422,0.0005273253709031731,0.014235684453417226,,,8x8x8,VQLS,,,,,,,
64,12.762720155208532,125.3917592912596,0.02068814754272884,aer_simulator_statevector (CPU),3D_HET_MMS_SPT100,17728897,False,0.2675810385636113,2,0.020681174010366524,0.00019783975547534897,,,101201,0,16.461354477331042,0.3556755678999979,"{""max_degree"": 500}",35994.72314704768,1.4962248084691185,"[1.4962, 1.4856, 1.4493, 1.3519, 1.3095, 1.3636]","[[64, 64, 64], [32, 32, 64], [16, 16, 64], [8, 8, 64], [4, 4, 32], [4, 4, 16]]",0.02085322714186323,0.06252315366691619,0.021844476084168712,38.97700615606565,,3793076,,6,5,262144,,23495.914518129557,46991.76338928301,0.02117023624234422,501,1003,0.00020659524019327153,4.676804303081909e-05,0.022255120768591867,0.355730397886826,fmg,64x64x64,QSVT,35351.30311833224,wall_time_exceeded,101201,"{""4"": 9984, ""8"": 8192, ""16"": 14336, ""32"": 24576, ""64"": 44113}",,36000.271996544674,70811.36815132285
64,12.762720155208532,37.625578579060246,0.04209427844941857,aer_simulator_statevector (CPU),3D_HET_RotatingSpoke_SPT100,17728897,False,0.27533278246797127,2,0.02469083276592848,0.0001989202599885242,,,100512,0,16.512323962524533,0.35811226687923564,"{""max_degree"": 500}",35994.580168565735,1.4962248084691185,"[1.4962, 1.4856, 1.4493, 1.3519, 1.3095, 1.3636]","[[64, 64, 64], [32, 32, 64], [16, 16, 64], [8, 8, 64], [4, 4, 32], [4, 4, 16]]",0.02486369852496985,0.09691180568540858,0.025596907370899608,38.805475963069085,,3793076,,6,5,262144,,30545.911704663176,61091.74181135448,0.025181721750297856,501,1003,0.00020935374052143918,5.485359329708815e-05,0.03260344651078978,0.3581691054251368,fmg,64x64x64,QSVT,35888.03778622591,wall_time_exceeded,100512,"{""4"": 9984, ""8"": 8192, ""16"": 14336, ""32"": 24576, ""64"": 43424}",,36000.29312449135,70122.36815132285
64,12.762720155208532,256.2587282337296,0.0025220773286318385,aer_simulator_statevector (CPU),3D_HET_Discharge_SPT100,17728897,False,0.4849434861721042,2,0.0,0.07307285380891829,,,100674,0,21.0342709235847,0.35753616735970517,"{""max_degree"": 500}",35994.59611277096,1.4962248084691185,"[1.4962, 1.4856, 1.4493, 1.3519, 1.3095, 1.3636]","[[64, 64, 64], [32, 32, 64], [16, 16, 64], [8, 8, 64], [4, 4, 32], [4, 4, 16]]",0.07307285380891829,3.3032987639398357,26.763293543170647,38.846017839760016,,3793076,,6,5,262144,rel_vs_thomas,811549.2777972928,811551.6660630478,0.01396874516218379,501,1003,0.00030704039854815744,0.009129276208391341,0.41867261506398773,0.3575908220808163,fmg,64x64x64,QSVT,64060.55296180643,wall_time_exceeded,100674,"{""4"": 9984, ""8"": 8192, ""16"": 14336, ""32"": 24576, ""64"": 43586}",,36000.0984221641,70284.36815132285
64,1.0,,,aer_simulator_statevector (CPU),3D_Laplace_BCdriven_cube,17728897,True,0.11827278044820821,2,0.0114262520798614,5.393003129700028e-11,,,81704,0,23.826480332762003,0.3708010068528765,"{""max_degree"": 500}",30295.92546390742,1.9982493624222843,"[1.9982, 1.9932, 1.9747, 1.9122, 1.7385]","[[64, 64, 64], [32, 32, 32], [16, 16, 16], [8, 8, 8], [4, 4, 4]]",0.011426252086546285,0.00010664891211892291,0.10049791311310007,52.45105716523101,,3793076,,5,6,262144,,2.9251841237067815,4.009834316161539,0.025633547331948215,501,1003,0.0002069383268417142,3.331709938873059e-07,3.428022880232842e-05,0.37075397835518603,fmg,64x64x64,QSVT,14692.169248457647,tol_met,81728,"{""4"": 2112, ""8"": 1280, ""16"": 4608, ""32"": 16384, ""64"": 57344}",,30300.981143012643,70926.88995004361
64,1.0,,,aer_simulator_statevector (CPU),3D_Poisson_HighMode_n2m3l4,,True,0.23844561675307488,2,0.23728057276833575,0.0,,,92800,0,0.00624472089111805,0.00016703521979346487,{},15.500868396833539,1.9982493624222843,"[1.9982, 1.9932, 1.9747, 1.9122, 1.7385]","[[64, 64, 64], [32, 32, 32], [16, 16, 16], [8, 8, 8], [4, 4, 4]]",0.23728057276833575,0.002370727856921717,0.2843429689683433,52.656551724137934,,,,5,7,262144,,6.277279960498828,12.495957911580707,0.2372857908377996,,,0.002372822159950388,8.541668508190732e-07,0.0008586580979926574,0.00020262332311991987,fmg,64x64x64,Thomas,21292.82998347561,tol_met,92800,"{""4"": 2304, ""8"": 1408, ""16"": 5120, ""32"": 18432, ""64"": 65536}",,18.803444385528564,76352.0
64,1.0,,,aer_simulator_statevector (CPU),3D_Poisson_HighMode_n2m3l4,17728897,True,0.23844561584327226,2,0.23728057276833575,7.327480641992773e-11,,,92800,0,24.04471081495285,0.3748829300170724,"{""max_degree"": 500}",34789.13590558432,1.9982493624222843,"[1.9982, 1.9932, 1.9747, 1.9122, 1.7385]","[[64, 64, 64], [32, 32, 32], [16, 16, 16], [8, 8, 8], [4, 4, 4]]",0.2372805727876039,0.00237072785711423,0.2843429691634267,52.656551724137934,,3793076,,5,7,262144,,6.277279960498906,12.495957911583147,0.237285790857378,501,1003,0.00237282215994721,8.541668280063082e-07,0.0008586580979915065,0.3749403275185313,fmg,64x64x64,QSVT,21292.82992680486,tol_met,92800,"{""4"": 2304, ""8"": 1408, ""16"": 5120, ""32"": 18432, ""64"": 65536}",,34794.4623937197,80766.06253983502
64,1.0,,,aer_simulator_statevector (CPU),3D_Poisson_TwoGaussian_cube,,True,0.24200173313009593,2,0.2495322206898741,0.0,,,103872,0,0.005212560296058655,0.00016497112522980523,{},17.13588071987033,1.9982493624222843,"[1.9982, 1.9932, 1.9747, 1.9122, 1.7385]","[[64, 64, 64], [32, 32, 32], [16, 16, 16], [8, 8, 8], [4, 4, 4]]",0.2495322206898741,0.0024838045728360347,714971.5671644999,52.81823783117683,,,,5,8,262144,,5.023007550595764,5.048357121646101,0.33122237721999553,,,0.0016556151429741972,9.514248362369668e-07,0.0002125592597784969,0.0001950979528524606,fmg,64x64x64,Thomas,21071.71263601022,tol_met,103872,"{""4"": 2496, ""8"": 1536, ""16"": 5632, ""32"": 20480, ""64"": 73728}",,20.265214558690786,85724.0
64,1.0,,,aer_simulator_statevector (CPU),3D_Poisson_TwoGaussian_cube,17728897,False,0.2683030294669764,2,0.2495322206898741,4.416117842910213e-05,,,96138,0,24.012301011011004,0.3744099963599455,"{""max_degree"": 500}",35995.02823005244,1.9982493624222843,"[1.9982, 1.9932, 1.9747, 1.9122, 1.7385]","[[64, 64, 64], [32, 32, 32], [16, 16, 16], [8, 8, 8], [4, 4, 4]]",0.24954103649746573,0.002483892324001591,715035.2405267288,53.05040670702532,,3793076,,5,8,262144,,5.023007981866315,5.048359135976632,0.33126241009397,501,1003,0.001655659167878641,2.171857292580024e-06,0.0002125649119985433,0.37446614766770536,fmg,64x64x64,QSVT,21032.180482509295,wall_time_exceeded,96138,"{""4"": 2304, ""8"": 1408, ""16"": 5120, ""32"": 18432, ""64"": 68874}",,36000.42650447786,84104.06253983502
