case,solver,N,shape,n_unknowns,kappa_row,max_rel_err,max_abs_err,residual,wall_time_s,converged,n_outer,notes,rel_l2_err,rms_err,linf_err,stop_reason,vqls_final_cost,qsvt_degree,qsvt_depth,hhl_scale_c,scheme,convergence_factor,n_levels,level_shapes,level_kappas,anisotropy,strip_solves,strip_solves_by_size,weighted_cost,mean_strip_size,inner_calls,inner_total_s,inner_mean_s,inner_max_s,inner_failures,inner_options,n_circuit_evals,err_vs_thomas,err_thomas_vs_exact,peak_E_field,peak_E_rel_err,peak_E_axial,azimuthal_mode_amp,azimuthal_mode_rel_err,s_per_strip_solve,solves_per_digit,discretisation_order,hhl_trotter_steps,backend_name
3D_HET_MMS_SPT100,Thomas,4,4x4x4,64,1.3845874083379235,3.6899384823937655,10.012713110920345,4.764328393933774e-07,0.015016138553619385,True,12,scheme_fallback:fmg->sor,0.03689918065438337,4.892186411426615,3.6899277865840587,tol_met,,,,,line-sor,0.2739566542892788,,[],[],15.707963267948964,192,"{""4"": 192}",192.0,4.0,192,0.009191146120429039,4.7870552710567914e-05,0.00016323663294315338,0,{},,0.0,3.6899277865840587,27327.313714353866,3.689923056482674,13433.995866565969,184.15593783965244,3.6899181428106234,7.820905496676762e-05,31.040338232315776,2,,aer_simulator_statevector (CPU)
3D_HET_MMS_SPT100,HHL,4,4x4x4,64,1.3845874083379235,3.7684413034971933,10.22576154049068,0.002649502662266554,80.476258398965,False,23,scheme_fallback:fmg->sor,0.03691725325534321,4.8945825224314365,3.768441303495103,stagnated,,,,181.19696575136143,line-sor,0.7745965933311578,,[],[],15.707963267948964,368,"{""4"": 368}",368.0,4.0,368,80.45434803515673,0.2186259457477085,0.47560073994100094,0,"{""epsilon"": 0.01}",,0.123404991862267,3.6899277865840587,27350.823264262854,3.779126973363646,13504.029267637772,184.10168192081102,3.65936907744012,0.21868548477979619,150.79883333202028,2,100,aer_simulator_statevector (CPU)
3D_HET_MMS_SPT100,VQLS,4,4x4x4,64,1.3845874083379235,3.6899919644459023,10.012784759818885,6.195181122081567e-07,275.56416719406843,True,18,scheme_fallback:fmg->sor,0.03689944175070798,4.892221028235679,3.689954190942066,tol_met,1.0319368816248521e-13,,,,line-sor,0.43939594205719945,,[],[],15.707963267948964,288,"{""4"": 288}",288.0,4.0,288,275.5510233063251,0.9567743864802954,1.4103645160794258,0,{},178.61458333333334,4.4982223730900516e-05,3.6899277865840587,27327.329784574664,3.689984032836788,13434.001687254164,184.15598742250387,3.6899460606821104,0.9568200249794043,47.43514787347769,2,,aer_simulator_statevector (CPU)
3D_HET_MMS_SPT100,QSVT,4,4x4x4,64,1.3845874083379235,3.6899384823944543,10.012713110921027,4.7643283964137707e-07,60.46829256974161,True,12,scheme_fallback:fmg->sor,0.0368991806543828,4.89218641142654,3.68992778658431,tol_met,,501,1003,,line-sor,0.2739566543022428,,[],[],15.707963267948964,192,"{""4"": 192}",192.0,4.0,192,60.459178833290935,0.3148915564233903,13.348861269652843,0,"{""max_degree"": 500}",,5.656759883142045e-13,3.6899277865840587,27327.313714353913,3.689923056482854,13433.995866565909,184.15593783965238,3.6899181428105914,0.3149390238007375,31.040338233450225,2,,aer_simulator_statevector (CPU)
3D_HET_Discharge_SPT100,Thomas,4,4x4x4,64,1.3845874083379235,0.0,0.0,3.2467631803678453e-07,0.014949565753340721,True,12,scheme_fallback:fmg->sor,0.0,0.0,0.0,tol_met,,,,,line-sor,0.26965620255718886,,[],[],15.707963267948964,192,"{""4"": 192}",192.0,4.0,192,0.009130245074629784,4.755335976369679e-05,0.00015007518231868744,0,{},,0.0,0.0,487050.59076430846,0.0,273052.132072777,764.3921558861413,0.0,7.786232163198292e-05,30.665609301094648,2,,aer_simulator_statevector (CPU)
3D_HET_Discharge_SPT100,HHL,4,4x4x4,64,1.3845874083379235,260.83375662709426,1044.9103442959745,0.24294804699364606,70.56602716445923,False,20,scheme_fallback:fmg->sor,0.25656978712674455,471.1003853780947,21.948618958699566,stagnated,,,,3772.9522915875523,line-sor,0.953389685237663,,[],[],15.707963267948964,320,"{""4"": 320}",320.0,4.0,320,70.5473761856556,0.22046055058017372,0.4712494406849146,0,"{""epsilon"": 0.01}",,21.948618958699566,0.0,440528.7620523391,9.551744642987616,197116.77378952573,930.4598432396535,21.725456766493636,0.2205188348889351,812.4684049335896,2,100,aer_simulator_statevector (CPU)
3D_HET_Discharge_SPT100,VQLS,4,4x4x4,64,1.3845874083379235,0.0006367217133344866,0.002042283300568215,8.973943202306501e-07,303.93489497713745,True,18,scheme_fallback:fmg->sor,3.8255393207437147e-07,0.0007024260605521459,4.2898702472018145e-05,tol_met,8.89265513078404e-14,,,,line-sor,0.45464599317702525,,[],[],15.707963267948964,288,"{""4"": 288}",288.0,4.0,288,303.923602739349,1.0552902872894063,1.4069484807550907,0,{},194.96875,4.2898702472018145e-05,0.0,487050.6374907723,9.59375980940911e-06,273052.10316133616,764.3930604934698,0.00011834335576675594,1.055329496448394,49.48833916437979,2,,aer_simulator_statevector (CPU)
3D_HET_Discharge_SPT100,QSVT,4,4x4x4,64,1.3845874083379235,2.0309458721263007e-10,1.4177885532262735e-09,3.2467639449054004e-07,61.6259275469929,True,12,scheme_fallback:fmg->sor,3.6017008463463885e-13,6.613259790764837e-10,2.978102464832618e-11,tol_met,,501,1003,,line-sor,0.2696562083297151,,[],[],15.707963267948964,192,"{""4"": 192}",192.0,4.0,192,61.61649000830948,0.32091921879327856,12.512013837695122,0,"{""max_degree"": 500}",,2.978102464832618e-11,0.0,487050.59076435864,1.0301805327588523e-11,273052.1320729464,764.3921558858626,3.6453335779283715e-11,0.32096837264058803,30.665609801975542,2,,aer_simulator_statevector (CPU)
3D_HET_RotatingSpoke_SPT100,Thomas,4,4x4x4,64,1.3845874083379235,4.442418311766863,15.670969104040012,3.7637332583368256e-07,0.02692488767206669,True,12,scheme_fallback:fmg->sor,0.03962502529752088,7.756826428677233,4.442409572335141,tol_met,,,,,line-sor,0.26800811383521034,,[],[],15.707963267948964,192,"{""4"": 192}",192.0,4.0,192,0.020948508754372597,0.00010910681642902394,0.011818496510386467,0,{},,0.0,4.442409572335141,35641.37149601919,4.45051197038818,17590.932957247387,115.15502974414301,8.064355205132554,0.00014023378995868066,30.52283404414863,2,,aer_simulator_statevector (CPU)
3D_HET_RotatingSpoke_SPT100,HHL,4,4x4x4,64,1.3845874083379235,4.521749174375727,15.950846146449521,0.0026828404696201806,80.61420295387506,False,23,scheme_fallback:fmg->sor,0.03964191929176491,7.760133525140998,4.521749174373939,stagnated,,,,360.8249788326537,line-sor,0.7748350063146854,,[],[],15.707963267948964,368,"{""4"": 368}",368.0,4.0,368,80.59218375757337,0.21900049934123197,0.4674914311617613,0,"{""epsilon"": 0.01}",,0.1238160355583656,4.442409572335141,35672.165036277984,4.540755440557991,17682.939404055513,115.12131415452126,8.032715653990667,0.21906033411379094,150.98074737192917,2,100,aer_simulator_statevector (CPU)
3D_HET_RotatingSpoke_SPT100,VQLS,4,4x4x4,64,1.3845874083379235,4.442511375286605,15.67129751618171,2.1916735077480015e-06,599.9152465369552,False,39,scheme_fallback:fmg->sor,0.03962522893519551,7.756866291922357,4.442502670677193,stagnated,1.4734367572198328e-13,,,,line-sor,0.7154834445175555,,[],[],15.707963267948964,624,"{""4"": 624}",624.0,4.0,624,599.8844798877835,0.9613533331534992,1.6311155799776316,0,{},173.72756410256412,0.0001053006592650787,4.442409572335141,35641.38149095163,4.450541261511584,17591.01991923439,115.15503444767836,8.064359619047572,0.961402638681018,112.9367691114327,2,,aer_simulator_statevector (CPU)
3D_HET_RotatingSpoke_SPT100,QSVT,4,4x4x4,64,1.3845874083379235,4.442418311767215,15.670969104042058,3.763733252855527e-07,61.10660755261779,True,12,scheme_fallback:fmg->sor,0.03962502529752108,7.756826428677273,4.442409572335721,tol_met,,501,1003,,line-sor,0.2680081137997274,,[],[],15.707963267948964,192,"{""4"": 192}",192.0,4.0,192,61.0973182823509,0.31821519938724424,12.647397376596928,0,"{""max_degree"": 500}",,5.554289990975958e-13,4.442409572335141,35641.37149601947,4.4505119703890115,17590.932957247576,115.15502974414309,8.064355205132633,0.31826358100321767,30.52283404107963,2,,aer_simulator_statevector (CPU)
3D_Poisson_TripleSin_cube,Thomas,4,4x4x4,64,1.7384968229309907,3.355872401027013,0.02886846792714559,9.105397615866348e-07,0.014183152467012405,True,12,scheme_fallback:fmg->sor,0.03355851403110951,0.01658145925453511,3.355867146788807,tol_met,,,,,line-sor,0.2995029795680163,,[],[],1.0,192,"{""4"": 192}",192.0,4.0,192,0.009007444605231285,4.691377398557961e-05,0.00018227659165859222,0,{},,0.0,3.355867146788807,1.8531128630462683,3.355927334129753,1.6980435930974591,,,7.387058576568961e-05,33.33572135152995,2,,aer_simulator_statevector (CPU)
3D_Poisson_TripleSin_cube,HHL,4,4x4x4,64,1.7384968229309907,3.392058480816454,0.02917979978820251,0.0016803663134275688,128.06629979610443,False,23,scheme_fallback:fmg->sor,0.03356205693192914,0.01658320982267794,3.3920584807697516,stagnated,,,,0.9325546334348072,line-sor,0.770299956000483,,[],[],1.0,368,"{""4"": 368}",368.0,4.0,368,128.0467708427459,0.34795318163789646,0.600794954225421,0,"{""epsilon"": 0.01}",,0.057041210148076026,3.355867146788807,1.8565888955400884,3.5498003404677245,1.7021360398440781,,,0.34800624944593594,147.58473612164167,2,100,aer_simulator_statevector (CPU)
3D_Poisson_TripleSin_cube,VQLS,4,4x4x4,64,1.7384968229309907,3.356002697265801,0.028868440290630293,2.060458422209952e-06,584.7471073046327,False,37,scheme_fallback:fmg->sor,0.03355839110446583,0.01658139851575712,3.355863934132216,stagnated,1.4891635222244533e-13,,,,line-sor,0.7077229279091679,,[],[],1.0,592,"{""4"": 592}",592.0,4.0,592,584.7198538202792,0.9877024557774987,1.3664489816874266,0,{},180.6081081081081,7.270292263743444e-05,3.355867146788807,1.8531127398637708,3.3559204637218474,1.6980431845593618,,,0.9877484920686362,109.52978633235709,2,,aer_simulator_statevector (CPU)
3D_Poisson_TripleSin_cube,QSVT,4,4x4x4,64,1.7384968229309907,3.3558724010275447,0.028868467927145702,9.105397617488433e-07,61.046342220157385,True,12,scheme_fallback:fmg->sor,0.033558514031110244,0.016581459254535476,3.3558671467888193,tol_met,,501,1003,,line-sor,0.29950297957286676,,[],[],1.0,192,"{""4"": 192}",192.0,4.0,192,61.03768827021122,0.3179046264073501,12.64020811766386,0,"{""max_degree"": 500}",,4.495299364917813e-13,3.355867146788807,1.853112863046269,3.35592733412979,1.6980435930974536,,,0.3179496990633197,33.33572135197774,2,,aer_simulator_statevector (CPU)
3D_Laplace_BCdriven_cube,Thomas,4,4x4x4,64,1.7384968229309907,15.458191425115617,0.015159653460476874,2.0844229235903538e-07,0.027897361665964127,True,13,scheme_fallback:fmg->sor,0.05238275951000901,0.007363642687424544,4.078268885848402,tol_met,,,,,line-sor,0.29832012648847583,,[],[],1.0,208,"{""4"": 208}",208.0,4.0,184,0.009071776643395424,4.9303133931496866e-05,0.00013204291462898254,0,{},,0.0,4.078268885848402,1.2271857297109656,1.6972040880597703,0.7388702861057945,,,0.000134121931086366,32.995921764368596,2,,aer_simulator_statevector (CPU)
3D_Laplace_BCdriven_cube,HHL,4,4x4x4,64,1.7384968229309907,15.514964483226953,0.01526459050522333,0.0009072011313027667,127.1516028828919,False,24,scheme_fallback:fmg->sor,0.052384070487236936,0.00736382697645338,4.106499180536741,stagnated,,,,0.22138211033750932,line-sor,0.7658195285388627,,[],[],1.0,384,"{""4"": 384}",384.0,4.0,360,127.13144543021917,0.35314290397283105,0.7817884497344494,0,"{""epsilon"": 0.01}",,0.044056762376200286,4.078268885848402,1.2275973816996828,1.7313177966014157,0.7402471998436624,,,0.3311239658408643,144.0850846775752,2,100,aer_simulator_statevector (CPU)
3D_Laplace_BCdriven_cube,VQLS,4,4x4x4,64,1.7384968229309907,15.458280371332735,0.015159751695002499,9.761925985263023e-07,180.7452121824026,True,13,scheme_fallback:fmg->sor,0.052382759510696444,0.007363642687521179,4.078295313023035,tol_met,1.362141076261705e-13,,,,line-sor,0.33928268287594693,,[],[],1.0,208,"{""4"": 208}",208.0,4.0,184,180.73788709007204,0.9822711254895219,1.3233238644897938,0,{},181.14673913043478,5.055913099156065e-05,4.078268885848402,1.22718601886178,1.697228050063787,0.7388707100707063,,,0.868967366261551,36.92355970686215,2,,aer_simulator_statevector (CPU)
3D_Laplace_BCdriven_cube,QSVT,4,4x4x4,64,1.7384968229309907,15.45819142511661,0.015159653460476985,2.0844229232242752e-07,57.37065567635,True,13,scheme_fallback:fmg->sor,0.052382759510009556,0.007363642687424621,4.0782688858484315,tol_met,,501,1003,,line-sor,0.29832012648410977,,[],[],1.0,208,"{""4"": 208}",208.0,4.0,184,57.3620336111635,0.3117501826693668,12.63424943946302,0,"{""max_degree"": 500}",,4.663265230507186e-13,4.078268885848402,1.2271857297109656,1.6972040880597703,0.7388702861057924,,,0.2758204599824519,32.995921763969356,2,,aer_simulator_statevector (CPU)
3D_Poisson_TwoGaussian_cube,Thomas,4,4x4x4,64,1.7384968229309907,128789.83287369847,0.22086018594339585,2.661949873261671e-07,0.027898402884602547,True,12,scheme_fallback:fmg->sor,0.31195530052159054,0.052693598233233926,42.61122594458303,tol_met,,,,,line-sor,0.2771176951497636,,[],[],1.0,192,"{""4"": 192}",192.0,4.0,192,0.02245061658322811,0.00011693029470431308,0.013122379779815674,0,{},,0.0,42.61122594458303,3.1970819353646593,62.16676318425721,1.7948019851379897,,,0.00014530418169063827,31.317828996628233,2,,aer_simulator_statevector (CPU)
3D_Poisson_TwoGaussian_cube,HHL,4,4x4x4,64,1.7384968229309907,272473.5835605252,0.22353378963467319,0.01625913572327483,122.42669093422592,False,21,scheme_fallback:fmg->sor,0.31657488339219386,0.05347391016696834,43.12705241864245,stagnated,,,,0.26930344016633695,line-sor,0.8565940925987705,,[],[],1.0,336,"{""4"": 336}",336.0,4.0,336,122.40947998128831,0.364313928515739,0.5747252404689789,0,"{""epsilon"": 0.01}",,1.9828038483784636,42.61122594458303,3.2025828987191667,62.44579057224122,1.7648559135893438,,,0.3643651515899581,249.90730748172928,2,100,aer_simulator_statevector (CPU)
3D_Poisson_TwoGaussian_cube,VQLS,4,4x4x4,64,1.7384968229309907,128790.08223237297,0.22086014991408742,5.046267424884945e-07,205.49254110082984,True,12,scheme_fallback:fmg->sor,0.31195532410366295,0.05269360221657463,42.611218993339214,tol_met,1.0148074510348455e-13,,,,line-sor,0.29370822615043896,,[],[],1.0,192,"{""4"": 192}",192.0,4.0,192,205.48444365896285,1.0702314773904316,1.5609157420694828,0,{},193.43229166666666,2.186383748009435e-05,42.61122594458303,3.197081767916324,62.1667546907137,1.7948015193435296,,,1.070273651566822,32.80412317437294,2,,aer_simulator_statevector (CPU)
3D_Poisson_TwoGaussian_cube,QSVT,4,4x4x4,64,1.7384968229309907,128789.83287294622,0.22086018594338586,2.6619498598165264e-07,63.59687619097531,True,12,scheme_fallback:fmg->sor,0.311955300521567,0.05269359823322996,42.61122594458111,tol_met,,501,1003,,line-sor,0.2771176950225195,,[],[],1.0,192,"{""4"": 192}",192.0,4.0,192,63.58754508383572,0.33118513064497773,12.825748460367322,0,"{""max_degree"": 500}",,1.1356437022894343e-11,42.61122594458303,3.1970819353646522,62.166763184256844,1.7948019851381507,,,0.33123373016132973,31.3178289854227,2,,aer_simulator_statevector (CPU)
3D_Poisson_HighMode_n2m3l4,Thomas,4,4x4x4,64,1.7384968229309907,50.28490512904035,0.4325697465189545,7.028496700035833e-07,0.013442257419228554,True,11,scheme_fallback:fmg->sor,0.5028470423849789,0.24845968259621262,50.28485074792308,tol_met,,,,,line-sor,0.2637375723720848,,[],[],1.0,176,"{""4"": 176}",176.0,4.0,176,0.008510405197739601,4.8354574987156823e-05,0.00016007572412490845,0,{},,0.0,50.28485074792308,12.389662483098771,50.28477349611503,5.229520019717759,,,7.637646260925315e-05,30.40626944657651,2,,aer_simulator_statevector (CPU)
3D_Poisson_HighMode_n2m3l4,HHL,4,4x4x4,64,1.7384968229309907,50.303532697454756,0.43273045587851233,0.0002621452360819923,142.86712259054184,False,24,scheme_fallback:fmg->sor,0.5028471865435131,0.2484597538257927,50.303532697421836,stagnated,,,,1.7790382993274934,line-sor,0.7246825516041274,,[],[],1.0,384,"{""4"": 384}",384.0,4.0,384,142.84560999646783,0.3719937760324683,0.716458898037672,0,"{""epsilon"": 0.01}",,0.02032408713325092,50.28485074792308,12.391346868933082,50.30520484716554,5.229264914328689,,,0.3720497984128694,119.38069438915244,2,100,aer_simulator_statevector (CPU)
3D_Poisson_HighMode_n2m3l4,VQLS,4,4x4x4,64,1.7384968229309907,50.28500946710077,0.4325697964350409,7.517409921658128e-07,185.88022883795202,True,11,scheme_fallback:fmg->sor,0.5028470423852689,0.24845968259635592,50.284856550508614,tol_met,9.097773039973783e-14,,,,line-sor,0.2655171532172214,,[],[],1.0,176,"{""4"": 176}",176.0,4.0,176,185.87386452965438,1.0561015030093999,1.4459924586117268,0,{},197.7443181818182,7.235188637397846e-05,50.28485074792308,12.389666867241544,50.28482667511847,5.229520348516361,,,1.0561376638520001,30.560467676982693,2,,aer_simulator_statevector (CPU)
3D_Poisson_HighMode_n2m3l4,QSVT,4,4x4x4,64,1.7384968229309907,50.28490512904066,0.4325697465189543,7.028496700410459e-07,54.88317830115557,True,11,scheme_fallback:fmg->sor,0.502847042384979,0.24845968259621268,50.28485074792306,tol_met,,501,1003,,line-sor,0.26373757237349055,,[],[],1.0,176,"{""4"": 176}",176.0,4.0,176,54.87554295733571,0.3117928577121347,12.40999580733478,0,"{""max_degree"": 500}",,2.490428322423834e-13,50.28485074792308,12.389662483098792,50.2847734961153,5.229520019717759,,,0.3118362403474748,30.40626944669811,2,,aer_simulator_statevector (CPU)
3D_Poisson_TripleSin_cube,Thomas,32,32x32x32,32768,1.993223226736647,0.07564786211740321,0.0007530382933139679,3.2764635530770426e-07,3.1264403720851988,True,6,,0.0007555745560222065,0.00027975526806560744,0.07556029117103875,tol_met,,,,,fmg,0.17208212733371414,4,"[[32, 32, 32], [16, 16, 16], [8, 8, 8], [4, 4, 4]]","[1.9932, 1.9747, 1.9122, 1.7385]",1.0,21504,"{""4"": 1920, ""8"": 1152, ""16"": 4096, ""32"": 14336}",16912.0,25.166666666666668,21504,2.448559725889936,0.00011386531463401861,0.0009889369830489159,0,{},,0.0,0.07556029117103875,3.103812362787527,0.07556431509477211,3.103747557439227,,,0.00014538878218402153,4689.477594210427,2,,aer_simulator_statevector (CPU)
3D_Poisson_TripleSin_cube,QSVT,32,32x32x32,32768,1.993223226736647,0.07564786211342599,0.000753038293518804,3.276462553367341e-07,7064.844212725991,True,6,,0.0007555745560254413,0.0002797552680668051,0.07556029119159215,tol_met,,501,1003,,fmg,0.1720821185828113,4,"[[32, 32, 32], [16, 16, 16], [8, 8, 8], [4, 4, 4]]","[1.9932, 1.9747, 1.9122, 1.7385]",1.0,21504,"{""4"": 1920, ""8"": 1152, ""16"": 4096, ""32"": 14336}",18091.16453612003,25.166666666666668,21504,7063.700837579789,0.32848311186661966,18.33024674700573,0,"{""max_degree"": 500}",,2.658233234224214e-11,0.07556029117103875,3.103812362787622,0.07556431509783632,3.103747557439322,,,0.3285362822138203,4689.477458696998,2,,aer_simulator_statevector (CPU)
3D_Laplace_BCdriven_cube,Thomas,32,32x32x32,32768,1.993223226736647,0.3893826765053828,0.0004111759565199602,5.7811647744357e-07,3.4288313509896398,True,6,,0.0008304086193587497,0.00013599579257447074,0.04715208955808131,tol_met,,,,,fmg,0.13060123875530272,4,"[[32, 32, 32], [16, 16, 16], [8, 8, 8], [4, 4, 4]]","[1.9932, 1.9747, 1.9122, 1.7385]",1.0,21504,"{""4"": 1920, ""8"": 1152, ""16"": 4096, ""32"": 14336}",16912.0,25.166666666666668,21480,2.667987055145204,0.00012420796346113613,0.013141404837369919,0,{},,0.0,0.04715208955808131,3.6276400911929843,0.08951441609225291,2.7141102973901337,,,0.00015945086267622952,4054.056941173605,2,,aer_simulator_statevector (CPU)
3D_Laplace_BCdriven_cube,QSVT,32,32x32x32,32768,1.993223226736647,0.38938267651965297,0.00041117595659928563,5.781164763124876e-07,6978.777707235888,True,6,,0.0008304086193606299,0.00013599579257477865,0.04715208956717805,tol_met,,501,1003,,fmg,0.13060123871271592,4,"[[32, 32, 32], [16, 16, 16], [8, 8, 8], [4, 4, 4]]","[1.9932, 1.9747, 1.9122, 1.7385]",1.0,21504,"{""4"": 1920, ""8"": 1152, ""16"": 4096, ""32"": 14336}",18091.16453612003,25.166666666666668,21480,6977.638113446068,0.32484348759059906,30.03377854381688,0,"{""max_degree"": 500}",,2.491199544162388e-11,0.04715208955808131,3.6276400911930864,0.08951441608943982,2.7141102973903233,,,0.3245339335582165,4054.0569405241886,2,,aer_simulator_statevector (CPU)
3D_HET_RotatingSpoke_SPT100,Thomas,32,32x32x32,32768,1.4942335181253614,0.09643920538772038,0.3752194832952114,5.788506873023722e-07,6.76134493900463,True,9,,0.0008154541503243932,0.12894749605570405,0.09642844164681584,tol_met,,,,,fmg,0.29732605504638776,5,"[[32, 32, 32], [16, 16, 32], [8, 8, 32], [4, 4, 32], [4, 4, 16]]","[1.4942, 1.4787, 1.429, 1.3095, 1.3636]",12.959069696057895,51968,"{""4"": 14080, ""8"": 6144, ""16"": 11264, ""32"": 20480}",29408.0,18.108374384236452,51968,5.060260926373303,9.737263174209711e-05,0.013145282864570618,0,{},,0.0,0.09642844164681584,60604.55934601405,0.09643647373193533,30302.172872521736,38.796680368415785,0.16597829610404805,0.00013010592939894993,10961.62416847607,2,,aer_simulator_statevector (CPU)
3D_HET_RotatingSpoke_SPT100,QSVT,32,32x32x32,32768,1.4942335181253614,0.09643920537386638,0.37521948322932985,5.788505736216482e-07,16012.36432361207,True,9,,0.0008154541503215734,0.12894749605525818,0.09642844162988481,tol_met,,501,1003,,fmg,0.29732604855837297,5,"[[32, 32, 32], [16, 16, 32], [8, 8, 32], [4, 4, 32], [4, 4, 16]]","[1.4942, 1.4787, 1.429, 1.3095, 1.3636]",12.959069696057895,51968,"{""4"": 14080, ""8"": 6144, ""16"": 11264, ""32"": 20480}",34629.2180935082,18.108374384236452,51968,16009.564332824666,0.30806581613347955,18.15538848610595,0,"{""max_degree"": 500}",,2.0285988580150673e-11,0.09642844164681584,60604.55934600455,0.09643647371624085,30302.17287253483,38.796680368417256,0.16597829610784545,0.30811969526655,10961.623971270357,2,,aer_simulator_statevector (CPU)
3D_HET_MMS_SPT100,Thomas,32,32x32x32,32768,1.4942335181253614,0.08045504011429881,0.24078371040474167,5.656351289893231e-07,6.718876925995573,True,9,,0.0008044010393016842,0.08798585240420169,0.08044336369121823,tol_met,,,,,fmg,0.2971119318198961,5,"[[32, 32, 32], [16, 16, 32], [8, 8, 32], [4, 4, 32], [4, 4, 16]]","[1.4942, 1.4787, 1.429, 1.3095, 1.3636]",12.959069696057895,51968,"{""4"": 14080, ""8"": 6144, ""16"": 11264, ""32"": 20480}",29408.0,18.108374384236452,51968,5.0033314127940685,9.627715926712724e-05,0.0008264828938990831,0,{},,0.0,0.08044336369121823,46611.4554168787,0.08045124583057078,23305.64131735443,129.2118310410802,0.08043993009186794,0.00012928873395157738,10955.11733043396,2,,aer_simulator_statevector (CPU)
3D_HET_MMS_SPT100,QSVT,32,32x32x32,32768,1.4942335181253614,0.08045504010061745,0.2407837103547763,5.656350179149308e-07,16170.20606258302,True,9,,0.0008044010392988048,0.08798585240388673,0.08044336367452531,tol_met,,501,1003,,fmg,0.29711192533719566,5,"[[32, 32, 32], [16, 16, 32], [8, 8, 32], [4, 4, 32], [4, 4, 16]]","[1.4942, 1.4787, 1.429, 1.3095, 1.3636]",12.959069696057895,51968,"{""4"": 14080, ""8"": 6144, ""16"": 11264, ""32"": 20480}",34629.2180935082,18.108374384236452,51968,16167.395053795772,0.31110289127531887,18.24997425894253,0,"{""max_degree"": 500}",,2.0436654035650457e-11,0.08044336369121823,46611.455416871635,0.08045124581540147,23305.641317365724,129.21183104108516,0.08043993009572037,0.3111569824234725,10955.117133481803,2,,aer_simulator_statevector (CPU)
3D_Poisson_TwoGaussian_cube,Thomas,32,32x32x32,32768,1.993223226736647,2376660.150854183,0.009663514014499719,5.57189418022438e-07,4.159527414944023,True,8,,0.006456353883096499,0.0008480483399991158,0.9732386125753054,tol_met,,,,,fmg,0.23742153621740683,4,"[[32, 32, 32], [16, 16, 16], [8, 8, 8], [4, 4, 4]]","[1.9932, 1.9747, 1.9122, 1.7385]",1.0,27264,"{""4"": 2304, ""8"": 1408, ""16"": 5120, ""32"": 18432}",21632.0,25.389671361502348,27264,3.244773374404758,0.00011901310792270973,0.0008107731118798256,0,{},,0.0,0.9732386125753054,5.005462925574655,1.214546664244846,4.97160253781606,,,0.00015256482595892102,5457.341474948154,2,,aer_simulator_statevector (CPU)
3D_Poisson_TwoGaussian_cube,QSVT,32,32x32x32,32768,1.993223226736647,2376660.150957386,0.009663514014422447,5.571893635889561e-07,8788.165180837037,True,8,,0.006456353883077905,0.0008480483399966736,0.9732386125675233,tol_met,,501,1003,,fmg,0.2374215333180538,4,"[[32, 32, 32], [16, 16, 16], [8, 8, 8], [4, 4, 4]]","[1.9932, 1.9747, 1.9122, 1.7385]",1.0,27264,"{""4"": 2304, ""8"": 1408, ""16"": 5120, ""32"": 18432}",23084.458100617372,25.389671361502348,27264,8786.751612417866,0.32228402334279144,27.16548186307773,0,"{""max_degree"": 500}",,5.010087237347235e-11,0.9732386125753054,5.00546292557428,1.2145466642372669,4.971602537813251,,,0.32233587077600634,5457.341428600478,2,,aer_simulator_statevector (CPU)
3D_HET_Discharge_SPT100,Thomas,32,32x32x32,32768,1.4942335181253614,0.0,0.0,4.625541379953886e-07,10.41990929003805,True,15,reference,0.0,0.0,0.0,tol_met,,,,,fmg,0.419338088596488,5,"[[32, 32, 32], [16, 16, 32], [8, 8, 32], [4, 4, 32], [4, 4, 16]]","[1.4942, 1.4787, 1.429, 1.3095, 1.3636]",12.959069696057895,79616,"{""4"": 20224, ""8"": 9216, ""16"": 17408, ""32"": 32768}",46304.0,18.610932475884244,79616,7.800265387864783,9.797359058310871e-05,0.013160853879526258,0,{},,0.0,0.0,756012.8518290425,0.0,755972.009246775,264.0600290293903,0.0,0.00013087707609071102,14062.616472238666,2,,aer_simulator_statevector (CPU)
3D_HET_Discharge_SPT100,QSVT,32,32x32x32,32768,1.4942335181253614,1.6016291197411061e-09,3.0249793780967593e-09,4.625540456631573e-07,24236.405351670925,True,15,rel_vs_thomas,6.21568989365008e-13,8.611512356487492e-10,6.713290310148473e-11,tol_met,,501,1003,,fmg,0.4193380830161149,5,"[[32, 32, 32], [16, 16, 32], [8, 8, 32], [4, 4, 32], [4, 4, 16]]","[1.4942, 1.4787, 1.429, 1.3095, 1.3636]",12.959069696057895,79616,"{""4"": 20224, ""8"": 9216, ""16"": 17408, ""32"": 32768}",54072.31273390082,18.610932475884244,79616,24232.244366138708,0.3043640017853033,18.33260598196648,0,"{""max_degree"": 500}",,6.713290310148473e-11,0.0,756012.8518293283,3.7803539237948425e-11,755972.0092470607,264.06002902931425,2.8802728953459257e-11,0.30441626496773166,14062.616256907742,2,,aer_simulator_statevector (CPU)
3D_Poisson_HighMode_n2m3l4,Thomas,32,32x32x32,32768,1.993223226736647,0.925572791566305,0.009124784034195144,3.605476905181188e-07,3.7620758819393814,True,8,,0.009239453659919723,0.003420954047233198,0.9239534920283293,tol_met,,,,,fmg,0.23188661815093348,4,"[[32, 32, 32], [16, 16, 16], [8, 8, 8], [4, 4, 4]]","[1.9932, 1.9747, 1.9122, 1.7385]",1.0,27264,"{""4"": 2304, ""8"": 1408, ""16"": 5120, ""32"": 18432}",21632.0,25.389671361502348,27264,2.9353014591615647,0.00010766217206431795,0.0006677280180156231,0,{},,0.0,0.9239534920283293,12.183589320493722,0.9239527466366413,6.2035550132355555,,,0.00013798693815798786,5369.260211625542,2,,aer_simulator_statevector (CPU)
3D_Poisson_HighMode_n2m3l4,QSVT,32,32x32x32,32768,1.993223226736647,0.9255727915668338,0.009124784034246436,3.605476869711158e-07,8838.333205192117,True,8,,0.009239453659919114,0.003420954047232974,0.9239534920335231,tol_met,,501,1003,,fmg,0.23188661786577416,4,"[[32, 32, 32], [16, 16, 16], [8, 8, 8], [4, 4, 4]]","[1.9932, 1.9747, 1.9122, 1.7385]",1.0,27264,"{""4"": 2304, ""8"": 1408, ""16"": 5120, ""32"": 18432}",23084.458100617372,25.389671361502348,27264,8836.89879720728,0.3241233420337177,26.563947862014174,0,"{""max_degree"": 500}",,2.6700016263419516e-11,0.9239534920283293,12.183589320494299,0.9239527466414236,6.203555013234806,,,0.3241759538289362,5369.260207107758,2,,aer_simulator_statevector (CPU)
3D_Poisson_TripleSin_cube,Thomas,64,64x64x64,262144,1.9982493624222843,0.01966099031460593,0.000194456604997284,6.955257720964494e-07,13.550900725647807,True,5,,0.00019463870430958452,7.043431339233503e-05,0.019462704028902447,tol_met,,,,,fmg,0.14042491226544498,5,"[[64, 64, 64], [32, 32, 32], [16, 16, 16], [8, 8, 8], [4, 4, 4]]","[1.9982, 1.9932, 1.9747, 1.9122, 1.7385]",1.0,70656,"{""4"": 1920, ""8"": 1152, ""16"": 4096, ""32"": 14336, ""64"": 49152}",57608.0,52.18115942028985,70656,11.158984588459134,0.00015793399836474092,0.006869252771139145,0,{},,0.0,0.019462704028902447,3.131819962750313,0.019475526434963156,3.1318156719304295,,,0.00019178697811435416,16575.102013327483,2,,aer_simulator_statevector (CPU)
3D_Poisson_TripleSin_cube,QSVT,64,64x64x64,262144,1.9982493624222843,0.019660990309274037,0.00019445660516614893,6.955254636109416e-07,24954.910135408863,True,5,,0.00019463870430973357,7.043431339238889e-05,0.01946270404580374,tol_met,,501,1003,,fmg,0.14042489980845513,5,"[[64, 64, 64], [32, 32, 32], [16, 16, 16], [8, 8, 8], [4, 4, 4]]","[1.9982, 1.9932, 1.9747, 1.9122, 1.7385]",1.0,70656,"{""4"": 1920, ""8"": 1152, ""16"": 4096, ""32"": 14336, ""64"": 49152}",61087.71736025221,52.18115942028985,70656,24950.830498592928,0.35313109288090083,24.385894736275077,0,"{""max_degree"": 500}",,5.895970194329795e-11,0.019462704028902447,3.131819962751473,0.01947552647200829,3.1318156719315895,,,0.35318883230594517,16575.10126431917,2,,aer_simulator_statevector (CPU)
3D_HET_Discharge_SPT100,HHL,16,16x16x16,4096,1.4866848189260238,153.41293761396582,409.21672251695736,0.1500493409152455,,False,10,recovered_from_archive,0.10567672454263614,151.2646386249099,9.032801572891291,,,,,,,0.9735151501668211,,,,13.351768777756618,,,,,,,,,,,,9.032801572891291,0.0,638927.03128509,7.337701090609731,577346.2162025325,281.32988516737606,0.5607790811992631,,,2,100,aer_simulator_statevector (CPU)
3D_HET_Discharge_SPT100,HHL,8,8x8x8,512,1.460597349773671,260.1280312510181,547.6677916991883,0.17495023776459817,,False,9,recovered_from_archive,0.1394589131199719,213.6453740065461,11.955653658605755,,,,,,,0.9799466971824277,,,,14.137166941154067,,,,,,,,,,,,11.955653658605755,0.0,588105.37217535,7.042505995455667,268002.4289609107,320.665207754133,2.8090838680406396,,,2,100,aer_simulator_statevector (CPU)
3D_HET_Discharge_SPT100,QSVT,16,16x16x16,4096,1.4866848189260238,0.4477867260758186,2.4278438029316476,0.0014492307452184617,,False,12,recovered_from_archive,0.0006082166800800096,0.8705954571938523,0.053590750610018396,,,,,,,0.6911080219124281,,,,13.351768777756618,,,,,,,,,,,,0.053590750610018396,0.0,689709.1385514823,0.027125520815207835,630218.4146884643,279.71413509972365,0.01676740131168545,,,2,,aer_simulator_statevector (CPU)
3D_HET_Discharge_SPT100,QSVT,8,8x8x8,512,1.460597349773671,2.9593833655064574e-10,6.302798283286393e-10,9.366611281783963e-07,,True,9,recovered_from_archive,1.362650977417484e-13,2.0875257894796545e-10,1.3759084338561208e-11,,,,,,,0.27524141374824995,,,,14.137166941154067,,,,,,,,,,,,1.3759084338561208e-11,0.0,632660.5277747732,5.704283447757242e-13,303548.7227544252,311.9035747519605,8.383351392098632e-12,,,2,,aer_simulator_statevector (CPU)
3D_HET_Discharge_SPT100,Thomas,16,16x16x16,4096,1.4866848189260238,0.0,0.0,8.344352604245801e-07,,True,12,recovered_from_archive,0.0,0.0,0.0,,,,,,,0.37108282759958183,,,,13.351768777756618,,,,,,,,,,,,0.0,,689522.1020901544,0.0,629982.4906022033,279.7610437566441,0.0,,,2,,aer_simulator_statevector (CPU)
3D_HET_Discharge_SPT100,Thomas,64,64x64x64,262144,1.4962248084691185,0.0,0.0,5.575317741313793e-07,50.55140466429293,True,16,reference,0.0,0.0,0.0,tol_met,,,,,fmg,0.434903655391514,6,"[[64, 64, 64], [32, 32, 64], [16, 16, 64], [8, 8, 64], [4, 4, 32], [4, 4, 16]]","[1.4962, 1.4856, 1.4493, 1.3519, 1.3095, 1.3636]",12.762720155208532,294656,"{""4"": 22272, ""8"": 20480, ""16"": 38912, ""32"": 73728, ""64"": 139264}",189808.0,41.22675933970461,294656,40.83617598563433,0.00013858932445168036,0.00793960876762867,0,{},,0.0,0.0,811665.0454848221,0.0,811662.4073754881,256.26519144002407,0.0,0.000171560751059856,50928.22581253989,2,,aer_simulator_statevector (CPU)
3D_HET_Discharge_SPT100,Thomas,8,8x8x8,512,1.460597349773671,0.0,0.0,9.36661129639174e-07,,True,9,recovered_from_archive,0.0,0.0,0.0,,,,,,,0.2752414137959402,,,,14.137166941154067,,,,,,,,,,,,0.0,,632660.5277747696,0.0,303548.722754423,311.90357475193434,0.0,,,2,,aer_simulator_statevector (CPU)
3D_HET_Discharge_SPT100,VQLS,16,16x16x16,4096,1.4866848189260238,11.6824311836122,32.163510606794006,0.030364586543818205,,False,2,recovered_from_archive,0.003133752588535676,4.485623063132273,0.7099578126031143,,,,,,,0.4937281674148686,,,,13.351768777756618,,,,,,,,,,,,0.7099578126031143,0.0,689605.157956022,0.012045424739215913,631673.374440463,279.3619249945285,0.14266416680327548,,,2,,aer_simulator_statevector (CPU)
3D_HET_Discharge_SPT100,VQLS,8,8x8x8,512,1.460597349773671,0.4220968581078981,0.6656273074226817,0.0007312830184272237,,False,14,recovered_from_archive,7.517756209114483e-05,0.1151689627470848,0.01453072405182975,,,,,,,0.7021444438547936,,,,14.137166941154067,,,,,,,,,,,,0.01453072405182975,0.0,632683.4125940877,0.0036172352017228813,303582.0384778388,311.9014184571697,0.0006913337772247723,,,2,,aer_simulator_statevector (CPU)
3D_HET_MMS_SPT100,HHL,16,16x16x16,4096,1.4866848189260238,1.0265117369142274,1.0549908774884216,0.02167617221448852,,False,9,recovered_from_archive,0.003284884531576364,0.37019053285098313,0.35468320360526445,,,,,,,0.9479583462331718,,,,13.351768777756618,,,,,,,,,,,,0.20428454825291456,0.30494741570774186,45161.443954251394,0.2029824844361718,22863.092756165785,136.9268004084398,0.32887473717748567,,,2,100,aer_simulator_statevector (CPU)
3D_HET_MMS_SPT100,HHL,8,8x8x8,512,1.460597349773671,1.2536299125874824,3.2371436611961713,0.0050497278422446,,False,10,recovered_from_archive,0.011022273043254698,1.315224677189545,1.1125967851836143,,,,,,,0.8651702694755681,,,,14.137166941154067,,,,,,,,,,,,0.08317663755888076,1.103254536131473,40467.156549436855,1.1139521697758124,20313.024268983845,152.41324879567986,1.0925105019144878,,,2,100,aer_simulator_statevector (CPU)
3D_HET_MMS_SPT100,QSVT,16,16x16x16,4096,1.4866848189260238,0.3049637805815886,0.9070537832362788,6.615937029286115e-07,,True,8,recovered_from_archive,0.00304941451123453,0.34365420517710143,0.30494741570317446,,,,,,,0.26741179326998726,,,,13.351768777756618,,,,,,,,,,,,5.820509051846594e-12,0.30494741570774186,45207.403486730465,0.30495624401432986,22602.432896763257,136.8941352725217,0.30494036990955725,,,2,,aer_simulator_statevector (CPU)
3D_HET_MMS_SPT100,QSVT,8,8x8x8,512,1.460597349773671,1.1032591233365212,3.209962023875164,2.4103525794134466e-07,,True,7,recovered_from_archive,0.011032507164108533,1.3164458561826151,1.1032545361318051,,,,,,,0.19901857286116256,,,,14.137166941154067,,,,,,,,,,,,1.314013402724884e-12,1.103254536131473,40462.875532736856,1.1032553342491334,20213.954544261574,152.42943909932623,1.1032491906724042,,,2,,aer_simulator_statevector (CPU)
3D_HET_MMS_SPT100,Thomas,16,16x16x16,4096,1.4866848189260238,0.30496378058463297,0.9070537832498644,6.615937131143449e-07,,True,8,recovered_from_archive,0.0030494145112358755,0.34365420517725315,0.30494741570774186,,,,,,,0.26741179378461843,,,,13.351768777756618,,,,,,,,,,,,0.0,,45207.403486732204,0.30495624401818816,22602.432896760816,136.89413527251932,0.30494036990780793,,,2,,aer_simulator_statevector (CPU)
3D_HET_MMS_SPT100,Thomas,64,64x64x64,262144,1.4962248084691185,0.020696916837057454,0.06200729565097163,6.150910103294372e-07,29.873980157077312,True,9,,0.00020677556812012104,0.022274546287719185,0.020681174010366524,tol_met,,,,,fmg,0.29711086908050977,6,"[[64, 64, 64], [32, 32, 64], [16, 16, 64], [8, 8, 64], [4, 4, 32], [4, 4, 16]]","[1.4962, 1.4856, 1.4493, 1.3519, 1.3095, 1.3636]",12.762720155208532,179968,"{""4"": 15104, ""8"": 13312, ""16"": 24576, ""32"": 45056, ""64"": 81920}",113200.0,40.25604551920341,179968,23.91044384613633,0.00013285941859739694,0.0132571030408144,0,{},,0.0,0.020681174010366524,46991.537879831885,0.020690243205814696,23495.762588774774,125.39174608806792,0.020677615811413107,0.00016599606684008998,37938.053129842025,2,,aer_simulator_statevector (CPU)
3D_HET_MMS_SPT100,Thomas,8,8x8x8,512,1.460597349773671,1.1032591233365212,3.2099620238741977,2.4103525822010236e-07,,True,7,recovered_from_archive,0.011032507164108774,1.3164458561826438,1.103254536131473,,,,,,,0.19901857289404457,,,,14.137166941154067,,,,,,,,,,,,0.0,,40462.875532736776,1.1032553342489335,20213.9545442614,152.42943909932626,1.103249190672423,,,2,,aer_simulator_statevector (CPU)
3D_HET_MMS_SPT100,VQLS,16,16x16x16,4096,1.4866848189260238,1.064044666802753,1.1813387330257399,0.015399393718482968,,False,11,recovered_from_archive,0.0031615586775308826,0.3562923080627009,0.39716078623357776,,,,,,,0.9256621174831318,,,,13.351768777756618,,,,,,,,,,,,0.17071727610342152,0.30494741570774186,45169.56319857491,0.22099724272336552,22577.50879286882,136.90968617719426,0.3163348139649813,,,2,,aer_simulator_statevector (CPU)
3D_HET_MMS_SPT100,VQLS,8,8x8x8,512,1.460597349773671,1.4544291027974008,3.3792150911478984,0.004196704321192576,,False,14,recovered_from_archive,0.011035280534552662,1.316776786584429,1.1614263191105458,,,,,,,0.8966800492350696,,,,14.137166941154067,,,,,,,,,,,,0.08530282881615284,1.103254536131473,40463.518446694754,1.1048617621954293,20268.630932999928,152.43076016959515,1.1041254288675042,,,2,,aer_simulator_statevector (CPU)
3D_HET_RotatingSpoke_SPT100,HHL,16,16x16x16,4096,1.4866848189260238,1.089108746359938,1.5369289724026203,0.02202895237339751,,False,9,recovered_from_archive,0.0033258797460241885,0.5418572460100811,0.3974681774159491,,,,,,,0.948012944329474,,,,13.351768777756618,,,,,,,,,,,,0.20428895429134278,0.3680659468398423,58746.60566576809,0.2660382500644383,29740.73868859618,41.217270143506596,0.6689296982309173,,,2,100,aer_simulator_statevector (CPU)
3D_HET_RotatingSpoke_SPT100,HHL,8,8x8x8,512,1.460597349773671,1.493175191017533,5.113873567287385,0.005130503681353012,,False,10,recovered_from_archive,0.011167901899099742,1.9265199784284606,1.3520179626259647,,,,,,,0.8654206791003322,,,,14.137166941154067,,,,,,,,,,,,0.08316973296374175,1.3426155917380076,52726.5231572342,1.3537474859309682,26469.51650300371,46.31629291059303,2.4020847809347567,,,2,100,aer_simulator_statevector (CPU)
3D_HET_RotatingSpoke_SPT100,QSVT,16,16x16x16,4096,1.4866848189260238,0.36808208803384107,1.4232364993943634,6.863979250455157e-07,,True,8,recovered_from_archive,0.0030929915463058255,0.503914756153528,0.3680659468354028,,,,,,,0.2681316913020188,,,,13.351768777756618,,,,,,,,,,,,5.8146517328332314e-12,0.3680659468398423,58806.39409548894,0.36808242629154786,29401.65263006246,41.2073366159934,0.6446680821801734,,,2,,aer_simulator_statevector (CPU)
3D_HET_RotatingSpoke_SPT100,QSVT,8,8x8x8,512,1.460597349773671,1.3426202411876638,5.078310033901971,2.5927894353850226e-07,,True,7,recovered_from_archive,0.011177627116161886,1.9281976279219868,1.3426155917384435,,,,,,,0.2007491663554824,,,,14.137166941154067,,,,,,,,,,,,1.2753195230807283e-12,1.3426155917380076,52720.925038402325,1.3429864820090853,26340.354262723286,46.32105987989636,2.4126242167158174,,,2,,aer_simulator_statevector (CPU)
3D_HET_RotatingSpoke_SPT100,Thomas,16,16x16x16,4096,1.4866848189260238,0.36808208803718684,1.42323649941153,6.863979377616513e-07,,True,8,recovered_from_archive,0.0030929915463071837,0.5039147561537495,0.3680659468398423,,,,,,,0.26813169192294656,,,,13.351768777756618,,,,,,,,,,,,0.0,,58806.394095491014,0.36808242629508703,29401.6526300588,41.20733661599273,0.6446680821785421,,,2,,aer_simulator_statevector (CPU)
3D_HET_RotatingSpoke_SPT100,Thomas,64,64x64x64,262144,1.4962248084691185,0.024701271791619094,0.09623802286773753,6.279512709239823e-07,29.673214122653008,True,9,,0.0002095169164411656,0.03262885851134637,0.02469083276592848,tol_met,,,,,fmg,0.2972434378138234,6,"[[64, 64, 64], [32, 32, 64], [16, 16, 64], [8, 8, 64], [4, 4, 32], [4, 4, 16]]","[1.4962, 1.4856, 1.4493, 1.3519, 1.3095, 1.3636]",12.762720155208532,179968,"{""4"": 15104, ""8"": 13312, ""16"": 24576, ""32"": 45056, ""64"": 81920}",113200.0,40.25604551920341,179968,23.814138028770685,0.00013232429114492958,0.008458839729428291,0,{},,0.0,0.02469083276592848,61091.44754557866,0.024699921971343464,30545.71583482202,37.625573801500934,0.042081575467640374,0.0001648805016594784,37952.00289725889,2,,aer_simulator_statevector (CPU)
3D_HET_RotatingSpoke_SPT100,Thomas,8,8x8x8,512,1.460597349773671,1.3426202411871877,5.078310033900323,2.592789439365255e-07,,True,7,recovered_from_archive,0.011177627116162065,1.9281976279220174,1.3426155917380076,,,,,,,0.20074916639950835,,,,14.137166941154067,,,,,,,,,,,,0.0,,52720.92503840226,1.3429864820089594,26340.354262723202,46.32105987989634,2.4126242167157703,,,2,,aer_simulator_statevector (CPU)
3D_HET_RotatingSpoke_SPT100,VQLS,16,16x16x16,4096,1.4866848189260238,1.0611277121067615,1.8632109562092865,0.01661603402457342,,False,9,recovered_from_archive,0.0031999074652802008,0.5213336557632768,0.48184859300832455,,,,,,,0.915422154614146,,,,13.351768777756618,,,,,,,,,,,,0.16614913804249654,0.3680659468398423,58773.91129737338,0.3126422618528761,29391.99340824304,41.21232171593927,0.6568436744559875,,,2,,aer_simulator_statevector (CPU)
3D_HET_RotatingSpoke_SPT100,VQLS,8,8x8x8,512,1.460597349773671,1.3453227078788181,5.08769785436624,0.0017095623915765227,,False,13,recovered_from_archive,0.0111769844017825,1.9280867564168915,1.3450975658683462,,,,,,,0.8287614615420051,,,,14.137166941154067,,,,,,,,,,,,0.07988870055008367,1.3426155917380076,52722.72837706436,1.3464529561939789,26345.52358579679,46.320774829078005,2.4119939892897047,,,2,,aer_simulator_statevector (CPU)
3D_Laplace_BCdriven_cube,HHL,16,16x16x16,4096,1.9746752505183298,1.7242696638450266,0.0014505836476028655,0.0030871074860680968,,False,10,recovered_from_archive,0.0033741836493190653,0.0005400651895701081,0.19001958167449504,,,,,,,0.7019706828109927,,,,1.0,,,,,,,,,,,,0.11423546468312547,0.2011151227495569,2.994518168823996,0.26786644950998145,2.3326416984201845,,,,,2,100,aer_simulator_statevector (CPU)
3D_Laplace_BCdriven_cube,HHL,8,8x8x8,512,1.9121868224772895,5.253212547084772,0.005181507969008237,0.0025210814201239162,,False,10,recovered_from_archive,0.013357834086183002,0.0020433426466720055,0.8754785638753373,,,,,,,0.6994328652031083,,,,1.0,,,,,,,,,,,,0.10766950983323063,0.8929083468625941,2.1183946023275273,0.3778298364258042,1.6450398713788463,,,,,2,100,aer_simulator_statevector (CPU)
3D_Laplace_BCdriven_cube,QSVT,16,16x16x16,4096,1.9746752505183298,1.4586468276035947,0.0015352856573471185,2.2541631587673497e-07,,True,7,recovered_from_archive,0.0033369455439669423,0.0005341049317666289,0.2011151434404018,,,,,,,0.15472215658648703,,,,1.0,,,,,,,,,,,,5.283037619596158e-08,0.2011151227495569,2.9949100145560847,0.25481606588208033,2.3158389808146085,,,,,2,,aer_simulator_statevector (CPU)
3D_Laplace_BCdriven_cube,QSVT,8,8x8x8,512,1.9121868224772895,5.103526298426702,0.00528466590247767,8.655400533335636e-07,,True,6,recovered_from_archive,0.01337175708480537,0.002045472442316351,0.8929083468625192,,,,,,,0.1458514652671868,,,,1.0,,,,,,,,,,,,6.610965667532342e-13,0.8929083468625941,2.118718065991885,0.36261824545168275,1.6386854173492469,,,,,2,,aer_simulator_statevector (CPU)
3D_Laplace_BCdriven_cube,Thomas,16,16x16x16,4096,1.9746752505183298,1.4586468245723472,0.0015352854993960219,2.2534276349749559e-07,,True,7,recovered_from_archive,0.0033369458468799663,0.000534104980250291,0.2011151227495569,,,,,,,0.15471496414088745,,,,1.0,,,,,,,,,,,,0.0,,2.9949100155417843,0.2548160330534545,2.31583898147257,,,,,2,,aer_simulator_statevector (CPU)
3D_Laplace_BCdriven_cube,Thomas,64,64x64x64,262144,1.9982493624222843,0.10049791310072485,0.00010664891205652838,3.33170994409258e-07,16.313258497044444,True,6,,0.00020693832684103768,3.428022880221637e-05,0.0114262520798614,tol_met,,,,,fmg,0.11827278047908962,5,"[[64, 64, 64], [32, 32, 32], [16, 16, 16], [8, 8, 8], [4, 4, 4]]","[1.9982, 1.9932, 1.9747, 1.9122, 1.7385]",1.0,81728,"{""4"": 2112, ""8"": 1280, ""16"": 4608, ""32"": 16384, ""64"": 57344}",66980.0,52.45105716523101,81704,13.469030853360891,0.00016485154770098026,0.0065782275050878525,0,{},,0.0,0.0114262520798614,4.009834316161552,0.025633547331638196,2.925184123705611,,,0.00019960427879116635,14692.16925025465,2,,aer_simulator_statevector (CPU)
3D_Laplace_BCdriven_cube,Thomas,8,8x8x8,512,1.9121868224772895,5.103526298426553,0.005284665902478114,8.65540053305165e-07,,True,6,recovered_from_archive,0.013371757084805423,0.002045472442316359,0.8929083468625941,,,,,,,0.14585146526638923,,,,1.0,,,,,,,,,,,,0.0,,2.1187180659918865,0.3626182454516201,1.6386854173492391,,,,,2,,aer_simulator_statevector (CPU)
3D_Laplace_BCdriven_cube,VQLS,16,16x16x16,4096,1.9746752505183298,9.658583880786482,0.041626236347840795,0.05181970874427743,,False,1,recovered_from_archive,0.04536249902336196,0.007260632253780803,5.452839641872123,,,,,,,0.4876211495054563,,,,1.0,,,,,,,,,,,,5.610827752820157,0.2011151227495569,3.157961548388398,5.1755992567147775,2.226260529905501,,,,,2,,aer_simulator_statevector (CPU)
3D_Laplace_BCdriven_cube,VQLS,8,8x8x8,512,1.9121868224772895,5.119699668148623,0.005286081266495601,0.0001552347525167456,,False,12,recovered_from_archive,0.0133720264992752,0.0020455136545422465,0.8931474897655487,,,,,,,0.5885251410192612,,,,1.0,,,,,,,,,,,,0.006660526628278871,0.8929083468625941,2.1189221094538913,0.35302265241608816,1.6387918934298866,,,,,2,,aer_simulator_statevector (CPU)
3D_Poisson_HighMode_n2m3l4,HHL,16,16x16x16,4096,1.9746752505183298,3.7826738113354574,0.03510839395472243,0.004595821922441245,,False,10,recovered_from_archive,0.03531649241406198,0.013674957273976931,3.55615532987466,,,,,,,0.7549581905696552,,,,1.0,,,,,,,,,,,,0.10797438671072508,3.5304205363909498,11.560493581704955,3.5563531745649692,6.196468810502488,,,,,2,100,aer_simulator_statevector (CPU)
3D_Poisson_HighMode_n2m3l4,HHL,8,8x8x8,512,1.9121868224772895,13.253643646330627,0.11129258823324484,0.000854654318670965,,False,11,recovered_from_archive,0.13232954811555006,0.055826528111247685,13.250513011538873,,,,,,,0.6549279874266853,,,,1.0,,,,,,,,,,,,0.06453046771851466,13.23305455282395,8.56083146616927,13.250437460830392,5.247796086479875,,,,,2,100,aer_simulator_statevector (CPU)
3D_Poisson_HighMode_n2m3l4,QSVT,16,16x16x16,4096,1.9746752505183298,3.531104549137502,0.03485432539625999,2.369648953159935e-07,,True,8,recovered_from_archive,0.035304046317776505,0.013670138000507297,3.5304205366655204,,,,,,,0.2049286841409548,,,,1.0,,,,,,,,,,,,5.260012483169287e-08,3.5304205363909498,11.557598339751648,3.5304182353581313,6.196453598600625,,,,,2,,aer_simulator_statevector (CPU)
3D_Poisson_HighMode_n2m3l4,QSVT,8,8x8x8,512,1.9121868224772895,13.233227171787917,0.11114595262334515,6.211117403095536e-07,,True,6,recovered_from_archive,0.13232907973929603,0.05582633051501552,13.233054552824097,,,,,,,0.13801613559578782,,,,1.0,,,,,,,,,,,,6.770666942210248e-13,13.23305455282395,8.559509783876074,13.232953049592966,5.249901491148599,,,,,2,,aer_simulator_statevector (CPU)
3D_Poisson_HighMode_n2m3l4,Thomas,16,16x16x16,4096,1.9746752505183298,3.5311044558523275,0.03485432539354927,2.3685073566510043e-07,,True,8,recovered_from_archive,0.0353040463270852,0.01367013800411173,3.5304205363909498,,,,,,,0.20491753169093288,,,,1.0,,,,,,,,,,,,0.0,,11.557598339778226,3.53041823559621,6.196453597184854,,,,,2,,aer_simulator_statevector (CPU)
3D_Poisson_HighMode_n2m3l4,Thomas,8,8x8x8,512,1.9121868224772895,13.233227171787762,0.11114595262334392,6.211117402625158e-07,,True,6,recovered_from_archive,0.13232907973929597,0.055826330515015496,13.23305455282395,,,,,,,0.1380161355940458,,,,1.0,,,,,,,,,,,,0.0,,8.559509783876061,13.232953049592803,5.249901491148602,,,,,2,,aer_simulator_statevector (CPU)
3D_Poisson_HighMode_n2m3l4,VQLS,16,16x16x16,4096,1.9746752505183298,51.714320708090014,0.03813664217049023,0.05005092500533025,,False,1,recovered_from_archive,0.03661893759455885,0.014179279220397072,3.8628888434205733,,,,,,,0.656476314744341,,,,1.0,,,,,,,,,,,,5.6555173523106985,3.5304205363909498,11.284681537475603,1.085689680818085,6.053764458418865,,,,,2,,aer_simulator_statevector (CPU)
3D_Poisson_HighMode_n2m3l4,VQLS,8,8x8x8,512,1.9121868224772895,13.241488012009835,0.11117527866391208,3.097862053841282e-05,,False,18,recovered_from_archive,0.1323288485965918,0.05582623300168718,13.23654611581385,,,,,,,0.6421511927231766,,,,1.0,,,,,,,,,,,,0.005967441553174947,13.23305455282395,8.559705332108985,13.235539938846586,5.249981997010114,,,,,2,,aer_simulator_statevector (CPU)
3D_Poisson_TripleSin_cube,HHL,16,16x16x16,4096,1.9746752505183298,0.7298896542901323,0.0025694454032089142,0.0243849060953758,,False,9,recovered_from_archive,0.0028794011011629363,0.0011149376492827206,0.26026103550129104,,,,,,,0.9688703493115586,,,,1.0,,,,,,,,,,,,0.11204049408463033,0.28508354027531985,3.0265128124956426,1.132960648797381,3.025593698643031,,,,,2,100,aer_simulator_statevector (CPU)
3D_Poisson_TripleSin_cube,HHL,8,8x8x8,512,1.9121868224772895,1.2453180856984178,0.0095379431998589,0.008423621498778155,,False,9,recovered_from_archive,0.010190530339412994,0.004299129986939857,0.9986202188950211,,,,,,,0.8937076209088167,,,,1.0,,,,,,,,,,,,0.11814844731656557,1.021609868539528,2.6770185669402338,1.494409760374987,2.6646677884128493,,,,,2,100,aer_simulator_statevector (CPU)
3D_Poisson_TripleSin_cube,QSVT,16,16x16x16,4096,1.9746752505183298,0.28516697479774794,0.0028145086630126936,4.6756732739443237e-07,,True,6,recovered_from_archive,0.0028507445133517193,0.0011038414846539725,0.2850836753130574,,,,,,,0.178074672904478,,,,1.0,,,,,,,,,,,,2.1422052590641474e-07,0.28508354027531985,3.00113924225594,0.28508573811581894,3.000207171562697,,,,,2,,aer_simulator_statevector (CPU)
3D_Poisson_TripleSin_cube,QSVT,8,8x8x8,512,1.9121868224772895,1.0216115163688122,0.009757520140466491,1.6557731787052267e-07,,True,6,recovered_from_archive,0.010216072398861539,0.004309905543269712,1.0216098685395165,,,,,,,0.1431239516439608,,,,1.0,,,,,,,,,,,,8.054518953576752e-13,1.021609868539528,2.6645479808278263,1.021609611554434,2.6521041090548505,,,,,2,,aer_simulator_statevector (CPU)
3D_Poisson_TripleSin_cube,Thomas,16,16x16x16,4096,1.9746752505183298,0.28516759632953415,0.002814507329843119,4.680097833957816e-07,,True,6,recovered_from_archive,0.0028507448972861314,0.0011038416333178495,0.28508354027531985,,,,,,,0.1782063511547767,,,,1.0,,,,,,,,,,,,0.0,,3.00113924580158,0.2850858565957712,3.000207174997442,,,,,2,,aer_simulator_statevector (CPU)
3D_Poisson_TripleSin_cube,Thomas,8,8x8x8,512,1.9121868224772895,1.0216115163674286,0.009757520140466602,1.6557731764248536e-07,,True,6,recovered_from_archive,0.010216072398861338,0.0043099055432696265,1.021609868539528,,,,,,,0.14312395161111574,,,,1.0,,,,,,,,,,,,0.0,,2.6645479808278276,1.0216096115544846,2.652104109054829,,,,,2,,aer_simulator_statevector (CPU)
3D_Poisson_TripleSin_cube,VQLS,16,16x16x16,4096,1.9746752505183298,1.573608568961159,0.007579737754700111,0.02758701892407048,,False,1,recovered_from_archive,0.005199394129622745,0.0020132659761207495,0.7677572733800121,,,,,,,1.0580807852622731,,,,1.0,,,,,,,,,,,,1.0308015221702895,0.28508354027531985,2.999330779328412,0.224654733386758,2.9983642035999183,,,,,2,,aer_simulator_statevector (CPU)
3D_Poisson_TripleSin_cube,VQLS,8,8x8x8,512,1.9121868224772895,1.0459400699321297,0.009788379580542905,0.0006615620381215819,,False,9,recovered_from_archive,0.010216537109557859,0.004310101593094722,1.0248408440400354,,,,,,,0.6872672030222513,,,,1.0,,,,,,,,,,,,0.009881524091301056,1.021609868539528,2.6647493714956263,1.0292449814439195,2.65223281404468,,,,,2,,aer_simulator_statevector (CPU)
3D_Poisson_TwoGaussian_cube,HHL,16,16x16x16,4096,1.9746752505183298,6090932401.2492075,0.12048184592878931,0.14037974457393992,,False,9,recovered_from_archive,0.14792107864612636,0.020315847615196864,12.080845328456551,,,,,,,0.9916138788710749,,,,1.0,,,,,,,,,,,,11.463888095101463,3.774669674706238,4.903262527856189,4.996533092635725,4.898180768620057,,,,,2,100,aer_simulator_statevector (CPU)
3D_Poisson_TwoGaussian_cube,HHL,8,8x8x8,512,1.9121868224772895,17885064.97727929,0.12146036427626083,0.10393329563433049,,False,9,recovered_from_archive,0.16780027030254074,0.02509959484658079,13.247777189754856,,,,,,,0.9740321636147248,,,,1.0,,,,,,,,,,,,10.129707739199702,13.976235177866029,5.253900740393554,16.97678842314104,5.23158531878516,,,,,2,100,aer_simulator_statevector (CPU)
3D_Poisson_TwoGaussian_cube,QSVT,16,16x16x16,4096,1.9746752505183298,51500360.33069127,0.03842687305689352,0.0027290770434758647,,False,10,recovered_from_archive,0.025193065688844708,0.003460078091497995,3.8531042272621483,,,,,,,0.7100379118686989,,,,1.0,,,,,,,,,,,,0.1569116679904164,3.774669674706238,4.890481161634929,4.72283794908681,4.884088675786582,,,,,2,,aer_simulator_statevector (CPU)
3D_Poisson_TwoGaussian_cube,QSVT,8,8x8x8,512,1.9121868224772895,682909.2641472364,0.12813912791553506,1.5984014881596528e-07,,True,7,recovered_from_archive,0.09516410439281671,0.0142346639840976,13.976235177867725,,,,,,,0.14832300413684676,,,,1.0,,,,,,,,,,,,4.736224117049818e-11,13.976235177866029,5.221946144504588,16.265327322684357,5.194677065599825,,,,,2,,aer_simulator_statevector (CPU)
3D_Poisson_TwoGaussian_cube,Thomas,16,16x16x16,4096,1.9746752505183298,48466345.126253724,0.03764464802051504,3.2218855822329293e-07,,True,8,recovered_from_archive,0.02480572990954686,0.0034068804354225293,3.774669674706238,,,,,,,0.21012235991114284,,,,1.0,,,,,,,,,,,,0.0,,4.8804409034220715,4.507839813107785,4.8739965368315445,,,,,2,,aer_simulator_statevector (CPU)
3D_Poisson_TwoGaussian_cube,Thomas,8,8x8x8,512,1.9121868224772895,682909.2642118853,0.1281391279155195,1.5984014518209666e-07,,True,7,recovered_from_archive,0.09516410439282441,0.014234663984098754,13.976235177866029,,,,,,,0.14832300365510936,,,,1.0,,,,,,,,,,,,0.0,,5.221946144504503,16.265327322682456,5.194677065598673,,,,,2,,aer_simulator_statevector (CPU)
3D_Poisson_TwoGaussian_cube,VQLS,16,16x16x16,4096,1.9746752505183298,716263921.0123343,0.02550836382261923,0.05786429059604421,,False,1,recovered_from_archive,0.024568442038928148,0.0033742907310710824,2.5577512989400812,,,,,,,0.6506527225537299,,,,1.0,,,,,,,,,,,,4.411329065990531,3.774669674706238,4.6981435584853015,0.6041962489272897,4.67756563478285,,,,,2,,aer_simulator_statevector (CPU)
3D_Poisson_TwoGaussian_cube,VQLS,8,8x8x8,512,1.9121868224772895,686409.5961924794,0.12813785470122196,0.0005273253709031731,,False,13,recovered_from_archive,0.09517092661559422,0.014235684453417226,13.976096307384047,,,,,,,0.6673823619137044,,,,1.0,,,,,,,,,,,,0.025360201582971375,13.976235177866029,5.221986277329365,16.26622087000943,5.1948610118159095,,,,,2,,aer_simulator_statevector (CPU)
3D_HET_MMS_SPT100,QSVT,64,64x64x64,262144,1.4962248084691185,0.021844476084168712,0.06252315366691619,4.676804303081909e-05,36000.271996544674,False,5,,0.00020659524019327153,0.022255120768591867,0.02085322714186323,wall_time_exceeded,,501,1003,,fmg,0.2675810385636113,6,"[[64, 64, 64], [32, 32, 64], [16, 16, 64], [8, 8, 64], [4, 4, 32], [4, 4, 16]]","[1.4962, 1.4856, 1.4493, 1.3519, 1.3095, 1.3636]",12.762720155208532,101201,"{""4"": 9984, ""8"": 8192, ""16"": 14336, ""32"": 24576, ""64"": 44113}",70811.36815132285,38.97700615606565,101201,35994.72314704768,0.3556755678999979,16.461354477331042,0,"{""max_degree"": 500}",,0.00019783975547534897,0.020681174010366524,46991.76338928301,0.02117023624234422,23495.914518129557,125.3917592912596,0.02068814754272884,0.355730397886826,35351.30311833224,2,,aer_simulator_statevector (CPU)
3D_HET_RotatingSpoke_SPT100,QSVT,64,64x64x64,262144,1.4962248084691185,0.025596907370899608,0.09691180568540858,5.485359329708815e-05,36000.29312449135,False,5,,0.00020935374052143918,0.03260344651078978,0.02486369852496985,wall_time_exceeded,,501,1003,,fmg,0.27533278246797127,6,"[[64, 64, 64], [32, 32, 64], [16, 16, 64], [8, 8, 64], [4, 4, 32], [4, 4, 16]]","[1.4962, 1.4856, 1.4493, 1.3519, 1.3095, 1.3636]",12.762720155208532,100512,"{""4"": 9984, ""8"": 8192, ""16"": 14336, ""32"": 24576, ""64"": 43424}",70122.36815132285,38.805475963069085,100512,35994.580168565735,0.35811226687923564,16.512323962524533,0,"{""max_degree"": 500}",,0.0001989202599885242,0.02469083276592848,61091.74181135448,0.025181721750297856,30545.911704663176,37.625578579060246,0.04209427844941857,0.3581691054251368,35888.03778622591,2,,aer_simulator_statevector (CPU)
3D_HET_Discharge_SPT100,QSVT,64,64x64x64,262144,1.4962248084691185,26.763293543170647,3.3032987639398357,0.009129276208391341,36000.0984221641,False,5,rel_vs_thomas,0.00030704039854815744,0.41867261506398773,0.07307285380891829,wall_time_exceeded,,501,1003,,fmg,0.4849434861721042,6,"[[64, 64, 64], [32, 32, 64], [16, 16, 64], [8, 8, 64], [4, 4, 32], [4, 4, 16]]","[1.4962, 1.4856, 1.4493, 1.3519, 1.3095, 1.3636]",12.762720155208532,100674,"{""4"": 9984, ""8"": 8192, ""16"": 14336, ""32"": 24576, ""64"": 43586}",70284.36815132285,38.846017839760016,100674,35994.59611277096,0.35753616735970517,21.0342709235847,0,"{""max_degree"": 500}",,0.07307285380891829,0.0,811551.6660630478,0.01396874516218379,811549.2777972928,256.2587282337296,0.0025220773286318385,0.3575908220808163,64060.55296180643,2,,aer_simulator_statevector (CPU)
3D_Laplace_BCdriven_cube,QSVT,64,64x64x64,262144,1.9982493624222843,0.10049791311310007,0.00010664891211892291,3.331709938873059e-07,30300.981143012643,True,6,,0.0002069383268417142,3.428022880232842e-05,0.011426252086546285,tol_met,,501,1003,,fmg,0.11827278044820821,5,"[[64, 64, 64], [32, 32, 32], [16, 16, 16], [8, 8, 8], [4, 4, 4]]","[1.9982, 1.9932, 1.9747, 1.9122, 1.7385]",1.0,81728,"{""4"": 2112, ""8"": 1280, ""16"": 4608, ""32"": 16384, ""64"": 57344}",70926.88995004361,52.45105716523101,81704,30295.92546390742,0.3708010068528765,23.826480332762003,0,"{""max_degree"": 500}",,5.393003129700028e-11,0.0114262520798614,4.009834316161539,0.025633547331948215,2.9251841237067815,,,0.37075397835518603,14692.169248457647,2,,aer_simulator_statevector (CPU)
3D_Poisson_HighMode_n2m3l4,Thomas,64,64x64x64,262144,1.9982493624222843,0.2843429689683433,0.002370727856921717,8.541668508190732e-07,18.803444385528564,True,7,,0.002372822159950388,0.0008586580979926574,0.23728057276833575,tol_met,,,,,fmg,0.23844561675307488,5,"[[64, 64, 64], [32, 32, 32], [16, 16, 16], [8, 8, 8], [4, 4, 4]]","[1.9982, 1.9932, 1.9747, 1.9122, 1.7385]",1.0,92800,"{""4"": 2304, ""8"": 1408, ""16"": 5120, ""32"": 18432, ""64"": 65536}",76352.0,52.656551724137934,92800,15.500868396833539,0.00016703521979346487,0.00624472089111805,0,{},,0.0,0.23728057276833575,12.495957911580707,0.2372857908377996,6.277279960498828,,,0.00020262332311991987,21292.82998347561,2,,aer_simulator_statevector (CPU)
3D_Poisson_HighMode_n2m3l4,QSVT,64,64x64x64,262144,1.9982493624222843,0.2843429691634267,0.00237072785711423,8.541668280063082e-07,34794.4623937197,True,7,,0.00237282215994721,0.0008586580979915065,0.2372805727876039,tol_met,,501,1003,,fmg,0.23844561584327226,5,"[[64, 64, 64], [32, 32, 32], [16, 16, 16], [8, 8, 8], [4, 4, 4]]","[1.9982, 1.9932, 1.9747, 1.9122, 1.7385]",1.0,92800,"{""4"": 2304, ""8"": 1408, ""16"": 5120, ""32"": 18432, ""64"": 65536}",80766.06253983502,52.656551724137934,92800,34789.13590558432,0.3748829300170724,24.04471081495285,0,"{""max_degree"": 500}",,7.327480641992773e-11,0.23728057276833575,12.495957911583147,0.237285790857378,6.277279960498906,,,0.3749403275185313,21292.82992680486,2,,aer_simulator_statevector (CPU)
3D_Poisson_TwoGaussian_cube,Thomas,64,64x64x64,262144,1.9982493624222843,714971.5671644999,0.0024838045728360347,9.514248362369668e-07,20.265214558690786,True,8,,0.0016556151429741972,0.0002125592597784969,0.2495322206898741,tol_met,,,,,fmg,0.24200173313009593,5,"[[64, 64, 64], [32, 32, 32], [16, 16, 16], [8, 8, 8], [4, 4, 4]]","[1.9982, 1.9932, 1.9747, 1.9122, 1.7385]",1.0,103872,"{""4"": 2496, ""8"": 1536, ""16"": 5632, ""32"": 20480, ""64"": 73728}",85724.0,52.81823783117683,103872,17.13588071987033,0.00016497112522980523,0.005212560296058655,0,{},,0.0,0.2495322206898741,5.048357121646101,0.33122237721999553,5.023007550595764,,,0.0001950979528524606,21071.71263601022,2,,aer_simulator_statevector (CPU)
3D_Poisson_TwoGaussian_cube,QSVT,64,64x64x64,262144,1.9982493624222843,715035.2405267288,0.002483892324001591,2.171857292580024e-06,36000.42650447786,False,8,,0.001655659167878641,0.0002125649119985433,0.24954103649746573,wall_time_exceeded,,501,1003,,fmg,0.2683030294669764,5,"[[64, 64, 64], [32, 32, 32], [16, 16, 16], [8, 8, 8], [4, 4, 4]]","[1.9982, 1.9932, 1.9747, 1.9122, 1.7385]",1.0,96138,"{""4"": 2304, ""8"": 1408, ""16"": 5120, ""32"": 18432, ""64"": 68874}",84104.06253983502,53.05040670702532,96138,35995.02823005244,0.3744099963599455,24.012301011011004,0,"{""max_degree"": 500}",,4.416117842910213e-05,0.2495322206898741,5.048359135976632,0.33126241009397,5.023007981866315,,,0.37446614766770536,21032.180482509295,2,,aer_simulator_statevector (CPU)
