order,case,N,kappa,degree,max_degree,degree_over_kappa,residual,err_alg_pct,eigenvector_rhs
2,1D_Poisson_fS_nonhom,4,9.472135954999596,1181,,124.68148742909914,0.00043038066185348045,0.0762903508078852,False
2,1D_Poisson_fS_hom,4,9.472135954999596,1181,,124.68148742909914,6.7589688661786896e-15,8.720249664848703e-14,True
2,1D_Poisson_fL_hom,4,9.472135954999596,1181,,124.68148742909914,0.00041882222967218915,0.023842155783507808,False
2,1D_Poisson_fH_hom,4,9.472135954999596,1181,,124.68148742909914,6.432526809034262e-15,5.189694265179813e-13,False
2,HET_1D_3a_linear_hom,4,9.472135954999596,1181,,124.68148742909914,4.1568939073649234e-15,5.944750807487328e-13,False
2,HET_1D_3b_gaussian_Vd300,4,9.472135954999596,1181,,124.68148742909914,0.00048576091935930945,0.03580986428543638,False
2,HET_1D_3c_gaussian_NeumannDirichlet,4,29.284052235954555,439,439,14.991094690816112,1.9741219298827757e-07,2.7493042605126525e-05,False
2,1D_Poisson_fS_nonhom,8,32.16343747752634,4923,,153.0619979111332,6.220281724360738e-05,0.027453524089480423,False
2,1D_Poisson_fS_hom,8,32.16343747752634,4923,,153.0619979111332,1.0164065364831429e-13,3.911990884389671e-13,True
2,1D_Poisson_fL_hom,8,32.16343747752634,4923,,153.0619979111332,0.00014070445373066666,0.009377096630567213,False
2,1D_Poisson_fH_hom,8,32.16343747752634,4923,,153.0619979111332,1.5202940038861422e-12,5.634716599292033e-11,False
2,1D_Poisson_fS_nonhom,16,116.46119157748775,19289,,165.62598869826962,6.85163544448306e-06,0.007690962442576792,False
2,HET_1D_3a_linear_hom,8,32.16343747752634,4923,,153.0619979111332,1.4575814162089088e-12,7.556555284058101e-11,False
2,HET_1D_3b_gaussian_Vd300,8,32.16343747752634,4923,,153.0619979111332,0.00014370102329080888,0.010023710519536459,False
2,HET_1D_3c_gaussian_NeumannDirichlet,8,113.49524537812056,1703,1702,15.005033861341841,3.027771864022547e-07,2.4332547141121e-05,False
2,1D_Poisson_fS_hom,16,116.46119157748775,19289,,165.62598869826962,4.309114835975727e-13,1.2777833172959245e-12,True
2,1D_Poisson_fL_hom,16,116.46119157748775,19289,,165.62598869826962,4.061552413420869e-05,0.0029732955318152727,False
2,1D_Poisson_fH_hom,16,116.46119157748775,19289,,165.62598869826962,7.556384813710833e-12,2.943212289991706e-10,False
2,HET_1D_3a_linear_hom,16,116.46119157748775,19289,,165.62598869826962,6.698881407061739e-12,2.5857422002850537e-10,False
2,HET_1D_3b_gaussian_Vd300,16,116.46119157748775,19289,,165.62598869826962,3.980269137611951e-05,0.0027711438275934046,False
2,HET_1D_3c_gaussian_NeumannDirichlet,16,437.69761653850793,5001,5000,11.4256962136325,7.144278688847284e-06,0.000758352172092486,False
2,1D_Poisson_fS_nonhom,32,440.6885603836567,5001,5000,11.348150257511124,5.0400250427390764e-05,0.0029587047720016444,False
2,1D_Poisson_fS_nonhom,64,1711.66137582602,5001,5000,2.9217227604885334,0.2862672788807598,21.48951960951572,False
2,1D_Poisson_fS_hom,32,440.6885603836567,5001,5000,11.348150257511124,1.088072749458507e-12,2.623338885303954e-12,True
2,1D_Poisson_fL_hom,32,440.6885603836567,5001,5000,11.348150257511124,2.149636899268386e-05,0.0005095779591848496,False
2,1D_Poisson_fH_hom,32,440.6885603836567,5001,5000,11.348150257511124,2.4503698868623324e-05,0.0007577898898510913,False
2,HET_1D_3a_linear_hom,32,440.6885603836567,5001,5000,11.348150257511124,3.2133608524359705e-05,0.0020147858822902377,False
2,HET_1D_3b_gaussian_Vd300,32,440.6885603836567,5001,5000,11.348150257511124,1.5694903550805975e-05,0.00025109347532462724,False
2,HET_1D_3c_gaussian_NeumannDirichlet,32,1708.6637113721217,5001,5000,2.926848604974473,0.035440705991200784,3.722279121091016,False
2,1D_Poisson_fS_hom,64,1711.66137582602,5001,5000,2.9217227604885334,6.968997763352309e-12,3.4815346751542103e-11,True
2,1D_Poisson_fL_hom,64,1711.66137582602,5001,5000,2.9217227604885334,0.10384196575392914,4.434633255353434,False
2,1D_Poisson_fH_hom,64,1711.66137582602,5001,5000,2.9217227604885334,0.09712904249085837,2.9585873302284873,False
2,HET_1D_3a_linear_hom,64,1711.66137582602,5001,5000,2.9217227604885334,0.14479055650866562,9.791352614767696,False
2,HET_1D_3b_gaussian_Vd300,64,1711.66137582602,5001,5000,2.9217227604885334,0.07642675504304736,3.091798974916843,False
2,HET_1D_3c_gaussian_NeumannDirichlet,64,6740.677204246312,5001,5000,0.7419135864938917,0.7874682072259884,19.980539556732783,False
4,1D_Poisson_fS_nonhom,4,11.947710174364115,1611,,134.8375526765522,0.00031234384156672215,0.06479128419618083,False
4,HET_1D_3a_linear_hom,4,11.947710174364115,1611,,134.8375526765522,1.5639596210813155e-13,6.6643536083832174e-12,False
4,HET_1D_3b_gaussian_Vd300,4,11.947710174364115,1611,,134.8375526765522,0.00038760133238930635,0.028416939217284803,False
4,1D_Poisson_fS_hom,4,11.947710174364115,1611,,134.8375526765522,1.0048227571790997e-14,9.688246743783669e-14,True
4,1D_Poisson_fL_hom,4,11.947710174364115,1611,,134.8375526765522,0.0003537242762471796,0.021621310503652347,False
4,1D_Poisson_fH_hom,4,11.947710174364115,1611,,134.8375526765522,1.1559876361288233e-13,4.401782626746552e-12,False
4,1D_Poisson_fS_nonhom,8,42.137764839337706,6575,,156.03580363289487,4.127603791963754e-05,0.021214936189657394,False
4,HET_1D_3a_linear_hom,8,42.137764839337706,6575,,156.03580363289487,1.5354006384742159e-12,8.784551359919048e-11,False
4,HET_1D_3b_gaussian_Vd300,8,42.137764839337706,6575,,156.03580363289487,0.00010980739399995492,0.007642199919566952,False
4,1D_Poisson_fS_hom,8,42.137764839337706,6575,,156.03580363289487,8.515370517225729e-14,4.5079044946167324e-13,True
4,1D_Poisson_fL_hom,8,42.137764839337706,6575,,156.03580363289487,0.00011030983775634761,0.007762794352961473,False
4,1D_Poisson_fH_hom,8,42.137764839337706,6575,,156.03580363289487,8.127175028309208e-13,2.5641502975471426e-11,False
4,1D_Poisson_fS_nonhom,16,154.512614771818,14999,14999,97.0729802362759,6.221971032185744e-12,6.551928196724733e-10,False
4,HET_1D_3a_linear_hom,16,154.512614771818,14999,14999,97.0729802362759,3.5336051535674498e-12,1.415122035446182e-10,False
4,HET_1D_3b_gaussian_Vd300,16,154.512614771818,14999,14999,97.0729802362759,4.262144075651291e-12,2.557674553795985e-10,False
4,1D_Poisson_fS_hom,16,154.512614771818,14999,14999,97.0729802362759,7.247185893681179e-13,8.927455186414469e-13,True
4,1D_Poisson_fL_hom,16,154.512614771818,14999,14999,97.0729802362759,5.2071621159779296e-12,3.241142382594721e-10,False
4,1D_Poisson_fH_hom,16,154.512614771818,14999,14999,97.0729802362759,1.7282071219252205e-12,4.177324203767833e-11,False
4,1D_Poisson_fS_nonhom,32,586.8093155218731,14999,14999,25.56026225769914,3.804123291818813e-11,2.789563953439264e-09,False
4,HET_1D_3a_linear_hom,32,586.8093155218731,14999,14999,25.56026225769914,1.9594056004348358e-11,8.041028553919088e-10,False
4,HET_1D_3b_gaussian_Vd300,32,586.8093155218731,14999,14999,25.56026225769914,8.975494008805169e-12,1.6440467531987205e-10,False
4,1D_Poisson_fS_hom,32,586.8093155218731,14999,14999,25.56026225769914,3.1331379097608574e-12,7.170653893838237e-12,True
4,1D_Poisson_fL_hom,32,586.8093155218731,14999,14999,25.56026225769914,1.4370411992012758e-11,4.187314799683881e-10,False
4,1D_Poisson_fH_hom,32,586.8093155218731,14999,14999,25.56026225769914,2.0708093754148674e-11,8.890218570780502e-10,False
4,HET_1D_3c_gaussian_NeumannDirichlet,4,37.84409746869306,567,567,14.982521395022221,1.5978614361805314e-07,1.2332425901950165e-05,False
4,HET_1D_3c_gaussian_NeumannDirichlet,8,149.85652429187536,2247,2247,14.994342159060896,7.146772681399427e-07,8.852754647118608e-05,False
4,HET_1D_3c_gaussian_NeumannDirichlet,16,581.9723347512083,5001,5000,8.59319198074581,0.03421767541483299,4.169554515043083,False
4,HET_1D_3c_gaussian_NeumannDirichlet,32,2276.5157897384793,5001,5000,2.196778086294101,0.039440264854258764,3.487058276081081,False
4,1D_Poisson_fS_nonhom,64,2281.4379953842554,14999,14999,6.574362323387959,0.009009587742705808,7.749983211248907,False
4,HET_1D_3a_linear_hom,64,2281.4379953842554,14999,14999,6.574362323387959,0.0029369886238232957,0.04471287453108218,False
4,HET_1D_3b_gaussian_Vd300,64,2281.4379953842554,14999,14999,6.574362323387959,0.042497140400464525,3.115172067677821,False
4,HET_1D_3c_gaussian_NeumannDirichlet,64,8985.828918892468,5001,5000,0.5565429795225156,0.9164253416952007,75.29266668684897,False
4,1D_Poisson_fS_hom,64,2281.4379953842554,14999,14999,6.574362323387959,1.2721843057825235e-11,1.0036528251321517e-11,True
4,1D_Poisson_fL_hom,64,2281.4379953842554,14999,14999,6.574362323387959,0.0443118796386877,3.7110039414162417,False
4,1D_Poisson_fH_hom,64,2281.4379953842554,14999,14999,6.574362323387959,0.002352217203522758,0.04588963477368214,False
