dim,order,case,N_coarse,N_fine,err_disc_coarse_pct,err_disc_fine_pct,p_observed,note
1,2,1D_Poisson_fH_hom,4,8,12.403473458920836,3.8801683098309727,1.676553049793451,
1,2,1D_Poisson_fH_hom,8,16,3.8801683098309727,1.092325518688545,1.8287163825064399,
1,2,1D_Poisson_fH_hom,16,32,1.092325518688545,0.2902503894609795,1.9120329429326755,
1,2,1D_Poisson_fH_hom,32,64,0.2902503894609795,0.07483795248620066,1.9554560098067066,
1,2,1D_Poisson_fL_hom,4,8,2.958754302057199e-14,2.2755070795359746e-14,,exact to round-off
1,2,1D_Poisson_fL_hom,8,16,2.2755070795359746e-14,2.350390087137193e-14,,exact to round-off
1,2,1D_Poisson_fL_hom,16,32,2.350390087137193e-14,2.7475389837926727e-13,,exact to round-off
1,2,1D_Poisson_fL_hom,32,64,2.7475389837926727e-13,7.145270728247193e-13,,exact to round-off
1,2,1D_Poisson_fS_hom,4,8,3.35583911026996,1.0216075566190936,1.7158324484825918,
1,2,1D_Poisson_fS_hom,8,16,1.0216075566190936,0.28507727944407685,1.8414161348105373,
1,2,1D_Poisson_fS_hom,16,32,0.28507727944407685,0.07555921656026102,1.9156734133288735,
1,2,1D_Poisson_fS_hom,32,64,0.07555921656026102,0.01946894926596214,1.9564327188540938,
1,2,1D_Poisson_fS_nonhom,4,8,0.18671959589999576,0.05350674995584702,1.8030805376437313,
1,2,1D_Poisson_fS_nonhom,8,16,0.05350674995584702,0.014445701581433407,1.8890806284341055,
1,2,1D_Poisson_fS_nonhom,16,32,0.014445701581433407,0.0037630511195066363,1.940665479606767,
1,2,1D_Poisson_fS_nonhom,32,64,0.0037630511195066363,0.0009610357528098976,1.9692408791714366,
1,2,HET_1D_3a_linear_hom,4,8,7.026433144529026e-14,2.0167869729911168e-13,,exact to round-off
1,2,HET_1D_3a_linear_hom,8,16,2.0167869729911168e-13,1.0332049157908571e-13,,exact to round-off
1,2,HET_1D_3a_linear_hom,16,32,1.0332049157908571e-13,2.0698424990606067e-13,,exact to round-off
1,2,HET_1D_3a_linear_hom,32,64,2.0698424990606067e-13,6.203268761113294e-13,,exact to round-off
1,2,HET_1D_3c_gaussian_NeumannDirichlet,4,8,1.5128780504088435,0.36114495847762146,2.06664576408575,
1,2,HET_1D_3c_gaussian_NeumannDirichlet,8,16,0.36114495847762146,0.08980655911315805,2.0076853081184187,
1,2,HET_1D_3c_gaussian_NeumannDirichlet,16,32,0.08980655911315805,0.02251695571163801,1.9958090290180264,
1,2,HET_1D_3c_gaussian_NeumannDirichlet,32,64,0.02251695571163801,0.005646030173824616,1.995703044441498,
1,4,1D_Poisson_fH_hom,4,8,5.303157136820427,1.5240196916751068,1.7989699534881682,
1,4,1D_Poisson_fH_hom,8,16,1.5240196916751068,0.4015357684746456,1.9242811311784236,
1,4,1D_Poisson_fH_hom,16,32,0.4015357684746456,0.1021402097416878,1.9749775808550691,
1,4,1D_Poisson_fH_hom,32,64,0.1021402097416878,0.025671621645205478,1.9923045894940596,
1,4,1D_Poisson_fL_hom,4,8,4.5836824549548313e-14,4.1268079082240595e-14,,exact to round-off
1,4,1D_Poisson_fL_hom,8,16,4.1268079082240595e-14,2.324603876373811e-13,,exact to round-off
1,4,1D_Poisson_fL_hom,16,32,2.324603876373811e-13,4.967885412266954e-13,,exact to round-off
1,4,1D_Poisson_fL_hom,32,64,4.967885412266954e-13,1.6079341725943376e-12,,exact to round-off
1,4,1D_Poisson_fS_hom,4,8,0.1674587215265771,0.01632052833565475,3.3590458491741075,
1,4,1D_Poisson_fS_hom,8,16,0.01632052833565475,0.0012919412164736725,3.6590754278642192,
1,4,1D_Poisson_fS_hom,16,32,0.0012919412164736725,9.119062506390022e-05,3.824511104028524,
1,4,1D_Poisson_fS_hom,32,64,9.119062506390022e-05,6.061957342321523e-06,3.911029909321938,
1,4,1D_Poisson_fS_nonhom,4,8,0.009317438585666601,0.0008547885371145579,3.446293938292415,
1,4,1D_Poisson_fS_nonhom,8,16,0.0008547885371145579,6.546644947071407e-05,3.7067399187420276,
1,4,1D_Poisson_fS_nonhom,16,32,6.546644947071407e-05,4.541537652977382e-06,3.8495029910390497,
1,4,1D_Poisson_fS_nonhom,32,64,4.541537652977382e-06,2.9923473862474063e-07,3.9238312665269435,
1,4,HET_1D_3a_linear_hom,4,8,7.026433144529026e-14,2.240168791132062e-13,,exact to round-off
1,4,HET_1D_3a_linear_hom,8,16,2.240168791132062e-13,8.373538990965411e-14,,exact to round-off
1,4,HET_1D_3a_linear_hom,16,32,8.373538990965411e-14,2.602500589180895e-13,,exact to round-off
1,4,HET_1D_3a_linear_hom,32,64,2.602500589180895e-13,6.846676401628496e-13,,exact to round-off
1,4,HET_1D_3c_gaussian_NeumannDirichlet,4,8,0.33734072180546415,0.07541222094488116,2.1613362387730692,
1,4,HET_1D_3c_gaussian_NeumannDirichlet,8,16,0.07541222094488116,0.019275715057642508,1.9680139589418608,
1,4,HET_1D_3c_gaussian_NeumannDirichlet,16,32,0.019275715057642508,0.00484677103504267,1.9916885445030421,
1,4,HET_1D_3c_gaussian_NeumannDirichlet,32,64,0.00484677103504267,0.0012101878894840831,2.001792877550345,
2,2,2D_HET_MMS_SPT100,4,8,0.7244130467273291,0.21688124027700256,1.7399072609156865,
2,2,2D_HET_MMS_SPT100,8,16,0.21688124027700256,0.06019983968724437,1.8490737184484918,
2,2,2D_HET_MMS_SPT100,16,32,0.06019983968724437,0.01602211739904612,1.9096948257193866,
2,2,2D_HET_MMS_SPT100,32,64,0.01602211739904612,0.0041492807889314445,1.9491316240918903,
2,2,2D_HET_MMS_SPT100,64,128,0.0041492807889314445,0.0010912110689074753,1.9269311063542354,
2,2,2D_HET_MMS_SPT100,128,256,0.0010912110689074753,0.0003116027021262302,1.8081505346110462,
2,2,2D_HET_Sin_MeetingReport,4,8,3.355821521286453,1.0216112415879548,1.7158196830203851,
2,2,2D_HET_Sin_MeetingReport,8,16,1.0216112415879548,0.28508252705974413,1.841394782198949,
2,2,2D_HET_Sin_MeetingReport,16,32,0.28508252705974413,0.07556164095691081,1.9156536801353088,
2,2,2D_HET_Sin_MeetingReport,32,64,0.07556164095691081,0.019470630668264596,1.9563544179990444,
2,2,2D_HET_Sin_MeetingReport,64,128,0.019470630668264596,0.0049434314890730215,1.9777148715783783,
2,2,2D_HET_Sin_MeetingReport,128,256,0.0049434314890730215,0.0012461970809436254,1.987980595400803,
2,2,2D_Poisson_SingleMode_n1m1,4,8,3.3558332053311477,1.0216112343564234,1.715824716289942,
2,2,2D_Poisson_SingleMode_n1m1,8,16,1.0216112343564234,0.28507920198245496,1.8414115990457125,
2,2,2D_Poisson_SingleMode_n1m1,16,32,0.28507920198245496,0.07556067766416402,1.9156552452990385,
2,2,2D_Poisson_SingleMode_n1m1,32,64,0.07556067766416402,0.019469347124370116,1.956431134326332,
2,2,2D_Poisson_SingleMode_n1m1,64,128,0.019469347124370116,0.004942656262273413,1.977846023585617,
2,2,2D_Poisson_SingleMode_n1m1,128,256,0.004942656262273413,0.0012452694741924579,1.9888286047099686,
2,2,2D_Poisson_TwoGaussian_PlasmaNet,4,8,2.708043810353153,4.046810721596226,-0.5795342936862741,
2,2,2D_Poisson_TwoGaussian_PlasmaNet,8,16,4.046810721596226,1.209041181959984,1.7429219864818757,
2,2,2D_Poisson_TwoGaussian_PlasmaNet,16,32,1.209041181959984,0.31116327169595215,1.9581196997301824,
2,2,2D_Poisson_TwoGaussian_PlasmaNet,32,64,0.31116327169595215,0.07942778925210146,1.96995602736523,
2,2,2D_Poisson_TwoGaussian_PlasmaNet,64,128,0.07942778925210146,0.020227614268201938,1.9733176764297606,
2,2,2D_Poisson_TwoGaussian_PlasmaNet,128,256,0.020227614268201938,0.005119826495853411,1.9821593471337706,
2,2,2D_Poisson_sin_hom,4,8,3.3558332053311477,1.0216112343564234,1.715824716289942,
2,2,2D_Poisson_sin_hom,8,16,1.0216112343564234,0.285079201982455,1.8414115990457123,
2,2,2D_Poisson_sin_hom,16,32,0.285079201982455,0.07556067766416402,1.9156552452990387,
2,2,2D_Poisson_sin_hom,32,64,0.07556067766416402,0.019469347124370116,1.956431134326332,
2,2,2D_Poisson_sin_hom,64,128,0.019469347124370116,0.004942656262273413,1.977846023585617,
2,2,2D_Poisson_sin_hom,128,256,0.004942656262273413,0.0012452694741924579,1.9888286047099686,
2,4,2D_HET_MMS_SPT100,4,8,0.11945617416376338,0.008858109024428398,3.7533388582202716,
2,4,2D_HET_MMS_SPT100,8,16,0.008858109024428398,0.007512910573311355,0.23762682396158322,
2,4,2D_HET_MMS_SPT100,16,32,0.007512910573311355,0.004320362465498701,0.7982195746011425,
2,4,2D_HET_Sin_MeetingReport,4,8,0.1673057091202023,0.016465254032062112,3.3449900009177638,
2,4,2D_HET_Sin_MeetingReport,8,16,0.016465254032062112,0.0014503204606805898,3.504981154185378,
2,4,2D_HET_Sin_MeetingReport,16,32,0.0014503204606805898,0.00032136162795063023,2.1741021312247693,
2,4,2D_Poisson_SingleMode_n1m1,4,8,0.16706179402007462,0.01644109707853687,3.3450033606158236,
2,4,2D_Poisson_SingleMode_n1m1,8,16,0.01644109707853687,0.0015548183308181393,3.4024886432014827,
2,4,2D_Poisson_SingleMode_n1m1,16,32,0.0015548183308181393,0.0005971562064071063,1.3805657501464015,
2,4,2D_Poisson_TwoGaussian_PlasmaNet,4,8,4.396088045417736,0.8344410525125849,2.3973382391820452,
2,4,2D_Poisson_TwoGaussian_PlasmaNet,8,16,0.8344410525125849,0.09342759259349394,3.158889538045254,
2,4,2D_Poisson_TwoGaussian_PlasmaNet,16,32,0.09342759259349394,0.01682580516832114,2.4731731495698765,
2,4,2D_Poisson_sin_hom,4,8,0.16706179402007462,0.01644109707853687,3.3450033606158236,
2,4,2D_Poisson_sin_hom,8,16,0.01644109707853687,0.0015548183308181395,3.4024886432014827,
2,4,2D_Poisson_sin_hom,16,32,0.0015548183308181395,0.0005971562064071063,1.3805657501464015,
3,2,3D_HET_MMS_SPT100,4,8,3.6899277865840587,1.103254536131473,1.7418269033240148,
3,2,3D_HET_MMS_SPT100,8,16,1.103254536131473,0.30494741570774186,1.855133284221766,
3,2,3D_HET_MMS_SPT100,16,32,0.30494741570774186,0.08044336369121823,1.9225151763148602,
3,2,3D_HET_MMS_SPT100,32,64,0.08044336369121823,0.020681174010366524,1.959655322738556,
3,2,3D_HET_RotatingSpoke_SPT100,4,8,4.442409572335141,1.3426155917380076,1.7262961081300388,
3,2,3D_HET_RotatingSpoke_SPT100,8,16,1.3426155917380076,0.3680659468398423,1.8670101175355673,
3,2,3D_HET_RotatingSpoke_SPT100,16,32,0.3680659468398423,0.09642844164681584,1.9324336405286489,
3,2,3D_HET_RotatingSpoke_SPT100,32,64,0.09642844164681584,0.02469083276592848,1.9654832371494333,
3,2,3D_Laplace_BCdriven_cube,4,8,4.078268885848402,0.8929083468625939,2.1913728956272402,
3,2,3D_Laplace_BCdriven_cube,8,16,0.8929083468625939,0.2011151227495569,2.1504905281653564,
3,2,3D_Laplace_BCdriven_cube,16,32,0.2011151227495569,0.04715208955808131,2.0926279575780473,
3,2,3D_Laplace_BCdriven_cube,32,64,0.04715208955808131,0.0114262520798614,2.0449694424007623,
3,2,3D_Poisson_HighMode_n2m3l4,4,8,50.28485074792308,13.23305455282395,1.925977712878326,
3,2,3D_Poisson_HighMode_n2m3l4,8,16,13.23305455282395,3.5304205363909498,1.9062341640441975,
3,2,3D_Poisson_HighMode_n2m3l4,16,32,3.5304205363909498,0.9239534920283293,1.9339479052610509,
3,2,3D_Poisson_HighMode_n2m3l4,32,64,0.9239534920283293,0.23728057276833575,1.9612262487963699,
3,2,3D_Poisson_TripleSin_cube,4,8,3.355867146788807,1.021609868539528,1.7158412366501719,
3,2,3D_Poisson_TripleSin_cube,8,16,1.021609868539528,0.28508354027531985,1.8413877157189973,
3,2,3D_Poisson_TripleSin_cube,16,32,0.28508354027531985,0.07556029117103875,1.915684579259344,
3,2,3D_Poisson_TripleSin_cube,32,64,0.07556029117103875,0.019462704028902447,1.956916097894257,
3,2,3D_Poisson_TwoGaussian_cube,4,8,42.61122594458303,13.976235177866029,1.6082577693376876,
3,2,3D_Poisson_TwoGaussian_cube,8,16,13.976235177866029,3.774669674706238,1.8885534864545914,
3,2,3D_Poisson_TwoGaussian_cube,16,32,3.774669674706238,0.9732386125753054,1.95548493374669,
3,2,3D_Poisson_TwoGaussian_cube,32,64,0.9732386125753054,0.2495322206898741,1.9635674446757148,
3,4,3D_HET_MMS_SPT100,4,8,0.2725574930271701,0.02395208934646445,3.508337169561497,
3,4,3D_HET_MMS_SPT100,8,16,0.02395208934646445,0.0017887361772179068,3.7431389846619947,
3,4,3D_HET_MMS_SPT100,16,32,0.0017887361772179068,0.00012841473946080252,3.8000579085035264,
3,4,3D_HET_RotatingSpoke_SPT100,4,8,0.9908356139426885,0.11047270015365528,3.1649558277496217,
3,4,3D_HET_RotatingSpoke_SPT100,8,16,0.11047270015365528,0.008200502504852165,3.7518337698901925,
3,4,3D_HET_RotatingSpoke_SPT100,16,32,0.008200502504852165,0.0005469575985009392,3.9062114157360384,
3,4,3D_Laplace_BCdriven_cube,4,8,0.7025489214424131,0.0407930405259242,4.1062037416532595,
3,4,3D_Laplace_BCdriven_cube,8,16,0.0407930405259242,0.003940883582555514,3.3717320063658307,
3,4,3D_Laplace_BCdriven_cube,16,32,0.003940883582555514,0.0002754091994560092,3.83887047598681,
3,4,3D_Poisson_HighMode_n2m3l4,4,8,21.289255404381628,2.427789583719113,3.132410198259266,
3,4,3D_Poisson_HighMode_n2m3l4,8,16,2.427789583719113,0.20929122294394867,3.5360596731728506,
3,4,3D_Poisson_HighMode_n2m3l4,16,32,0.20929122294394867,0.015214642967820134,3.781979425919603,
3,4,3D_Poisson_TripleSin_cube,4,8,0.16745093953564005,0.0163331432860776,3.3578641037803507,
3,4,3D_Poisson_TripleSin_cube,8,16,0.0163331432860776,0.0013015220078140546,3.649530849853295,
3,4,3D_Poisson_TripleSin_cube,16,32,0.0013015220078140546,9.661445818353837e-05,3.751816794683553,
3,4,3D_Poisson_TwoGaussian_cube,4,8,20.197269098324277,3.689656466418582,2.452601834945366,
3,4,3D_Poisson_TwoGaussian_cube,8,16,3.689656466418582,0.3709404165690608,3.3142271239472025,
3,4,3D_Poisson_TwoGaussian_cube,16,32,0.3709404165690608,0.0277680681498541,3.739688752049233,
